"feature","feature_clean","method","mean_g1","mean_g2","diff","p_value","group1","group2","higher_in","FDR","significant","bio_type"
"xCell_MicroenvironmentScore","MicroenvironmentScore","xCell",-0.601896315260302,1.11119319740363,1.71308951266394,2.30779435896093e-06,"IC1","IC2","IC2",5.18189751499831e-05,TRUE,"Pan-immune score"
"ssGSEA_Checkpoints","Checkpoints","ssGSEA",-0.575218982363057,1.06194273667026,1.63716171903332,2.30779435896093e-06,"IC1","IC2","IC2",5.18189751499831e-05,TRUE,"Suppressive"
"ssGSEA_HALLMARK_INTERFERON_GAMMA_RESPONSE","HALLMARK_INTERFERON_GAMMA_RESPONSE","ssGSEA",-0.572790696971689,1.05745974825543,1.63025044522711,2.30779435896093e-06,"IC1","IC2","IC2",5.18189751499831e-05,TRUE,"Other (ssGSEA)"
"GSVA_IFN_gamma_response","IFN_gamma_response","GSVA",-0.564277314606627,1.04174273465839,1.60602004926501,5.8006315466399e-06,"IC1","IC2","IC2",5.18189751499831e-05,TRUE,"Inflammatory"
"MCP_Myeloid dendritic cells","Myeloid dendritic cells","MCP",-0.555702807535487,1.02591287545013,1.58161568298562,4.98677881047027e-06,"IC1","IC2","IC2",5.18189751499831e-05,TRUE,"Myeloid/APC"
"GSVA_Checkpoints","Checkpoints","GSVA",-0.555114726236843,1.02482718689879,1.57994191313563,7.53218558601165e-07,"IC1","IC2","IC2",5.18189751499831e-05,TRUE,"Suppressive"
"ssGSEA_T_reg","T_reg","ssGSEA",-0.553835457011104,1.02246545909742,1.57630091610853,4.98677881047027e-06,"IC1","IC2","IC2",5.18189751499831e-05,TRUE,"Other (ssGSEA)"
"GSVA_T_reg","T_reg","GSVA",-0.550693709633102,1.01666531009188,1.56735901972498,3.15004282684338e-06,"IC1","IC2","IC2",5.18189751499831e-05,TRUE,"Other (GSVA)"
"xCell_ImmuneScore","ImmuneScore","xCell",-0.548439473460151,1.01250364331105,1.5609431167712,4.98677881047027e-06,"IC1","IC2","IC2",5.18189751499831e-05,TRUE,"Pan-immune score"
"quanTIseq_Other","Other","quanTIseq",0.54468847625433,-1.00557872539261,-1.55026720164694,3.67486067530463e-06,"IC1","IC2","IC1",5.18189751499831e-05,TRUE,"Other (quanTIseq)"
"GSVA_T_exhaustion","T_exhaustion","GSVA",-0.538813276762362,0.994732203253591,1.53354548001595,2.69754435022692e-06,"IC1","IC2","IC2",5.18189751499831e-05,TRUE,"Suppressive"
"GSVA_T_cells_CD8","T_cells_CD8","GSVA",-0.505065715231415,0.93242901273492,1.43749472796634,3.67486067530463e-06,"IC1","IC2","IC2",5.18189751499831e-05,TRUE,"Cytotoxic/NK"
"quanTIseq_Tregs","Tregs","quanTIseq",-0.497680651075127,0.918795048138696,1.41647569921382,5.8006315466399e-06,"IC1","IC2","IC2",5.18189751499831e-05,TRUE,"Suppressive"
"GSVA_Dendritic_cells","Dendritic_cells","GSVA",-0.44313920054058,0.818103139459532,1.26124234000011,5.8006315466399e-06,"IC1","IC2","IC2",5.18189751499831e-05,TRUE,"Myeloid/APC"
"xCell_B-cells","B-cells","xCell",-0.386252240671252,0.713081059700774,1.09933330037203,2.4216243250548e-06,"IC1","IC2","IC2",5.18189751499831e-05,TRUE,"B cell/Humoral"
"GSVA_HALLMARK_INTERFERON_GAMMA_RESPONSE","HALLMARK_INTERFERON_GAMMA_RESPONSE","GSVA",-0.562898219303369,1.03919671256007,1.60209493186343,6.74074263226842e-06,"IC1","IC2","IC2",5.31329125131746e-05,TRUE,"Other (GSVA)"
"ssGSEA_T_exhaustion","T_exhaustion","ssGSEA",-0.552436251438295,1.01988231034762,1.57231856178592,6.74074263226842e-06,"IC1","IC2","IC2",5.31329125131746e-05,TRUE,"Suppressive"
"ssGSEA_HALLMARK_INFLAMMATORY_RESPONSE","HALLMARK_INFLAMMATORY_RESPONSE","ssGSEA",-0.533522015447416,0.984963720825999,1.51848573627342,1.05164900397744e-05,"IC1","IC2","IC2",6.71052221585603e-05,TRUE,"Inflammatory"
"ssGSEA_IFN_gamma_response","IFN_gamma_response","ssGSEA",-0.52785326091785,0.974498327848338,1.50235158876619,1.05164900397744e-05,"IC1","IC2","IC2",6.71052221585603e-05,TRUE,"Inflammatory"
"GSVA_HALLMARK_INFLAMMATORY_RESPONSE","HALLMARK_INFLAMMATORY_RESPONSE","GSVA",-0.480543067239273,0.887156431826351,1.36769949906562,1.05164900397744e-05,"IC1","IC2","IC2",6.71052221585603e-05,TRUE,"Inflammatory"
"xCell_DC","DC","xCell",-0.457855996286984,0.845272608529817,1.3031286048168,1.02654836526071e-05,"IC1","IC2","IC2",6.71052221585603e-05,TRUE,"Myeloid/APC"
"MCP_CD8 T cells","CD8 T cells","MCP",-0.502670564857957,0.928007196660844,1.4306777615188,1.2173469918847e-05,"IC1","IC2","IC2",7.41474985966133e-05,TRUE,"Cytotoxic/NK"
"MCP_T cells","T cells","MCP",-0.534903892148521,0.987514877812654,1.52241876996118,1.40778468821298e-05,"IC1","IC2","IC2",7.54572592882157e-05,TRUE,"Pan-immune score"
"ssGSEA_T_cells_CD8","T_cells_CD8","ssGSEA",-0.527624998519648,0.974076920343965,1.50170191886361,1.40778468821298e-05,"IC1","IC2","IC2",7.54572592882157e-05,TRUE,"Cytotoxic/NK"
"ssGSEA_Antigen_presentation","Antigen_presentation","ssGSEA",-0.491976259074616,0.908263862906982,1.4002401219816,1.40778468821298e-05,"IC1","IC2","IC2",7.54572592882157e-05,TRUE,"Myeloid/APC"
"ssGSEA_Chemokines","Chemokines","ssGSEA",-0.506960120187843,0.935926375731402,1.44288649591924,1.87722186935338e-05,"IC1","IC2","IC2",8.98384751761973e-05,TRUE,"Inflammatory"
"GSVA_Cytotoxicity","Cytotoxicity","GSVA",-0.474706222265664,0.876380718028919,1.35108694029458,1.87722186935338e-05,"IC1","IC2","IC2",8.98384751761973e-05,TRUE,"Cytotoxic/NK"
"quanTIseq_T.cells.CD8","T.cells.CD8","quanTIseq",-0.474419798890962,0.875851936414083,1.35027173530505,1.87722186935338e-05,"IC1","IC2","IC2",8.98384751761973e-05,TRUE,"Cytotoxic/NK"
"ssGSEA_HALLMARK_INTERFERON_ALPHA_RESPONSE","HALLMARK_INTERFERON_ALPHA_RESPONSE","ssGSEA",-0.515300931408582,0.951324796446612,1.46662572785519,2.16457952987929e-05,"IC1","IC2","IC2",0.000100018502415112,TRUE,"Other (ssGSEA)"
"GSVA_HALLMARK_INTERFERON_ALPHA_RESPONSE","HALLMARK_INTERFERON_ALPHA_RESPONSE","GSVA",-0.543463948720656,1.0033180591766,1.54678200789725,2.49350714386316e-05,"IC1","IC2","IC2",0.000111376652425888,TRUE,"Other (GSVA)"
"MCP_Monocytic lineage","Monocytic lineage","MCP",-0.400283739937425,0.738985366038324,1.13926910597575,2.86963747634498e-05,"IC1","IC2","IC2",0.000124042394138783,TRUE,"Myeloid/APC"
"ssGSEA_Dendritic_cells","Dendritic_cells","ssGSEA",-0.500419697842039,0.923851749862226,1.42427144770426,3.29930927392275e-05,"IC1","IC2","IC2",0.000133971952335045,TRUE,"Myeloid/APC"
"MCP_Cytotoxic lymphocytes","Cytotoxic lymphocytes","MCP",-0.165547450398594,0.305626062274327,0.471173512672921,3.29930927392275e-05,"IC1","IC2","IC2",0.000133971952335045,TRUE,"Cytotoxic/NK"
"GSVA_Macrophages_M1","Macrophages_M1","GSVA",-0.485932168269634,0.897105541420862,1.3830377096905,4.34865197267085e-05,"IC1","IC2","IC2",0.000171388048334675,TRUE,"Myeloid/APC"
"xCell_CD8+ Tcm","CD8+ Tcm","xCell",-0.459007625846751,0.847398693870924,1.30640631971767,5.01463695079322e-05,"IC1","IC2","IC2",0.000181611176055755,TRUE,"Cytotoxic/NK"
"xCell_iDC","iDC","xCell",-0.429935766951816,0.793727569757198,1.22366333670901,4.98529374062914e-05,"IC1","IC2","IC2",0.000181611176055755,TRUE,"Myeloid/APC"
"ssGSEA_Cytotoxicity","Cytotoxicity","ssGSEA",-0.427451057244435,0.789140413374342,1.21659147061878,4.98529374062914e-05,"IC1","IC2","IC2",0.000181611176055755,TRUE,"Cytotoxic/NK"
"GSVA_B_cells","B_cells","GSVA",-0.453617274170858,0.837447275392354,1.29106454956321,5.70962210057568e-05,"IC1","IC2","IC2",0.000201339305651879,TRUE,"B cell/Humoral"
"GSVA_Chemokines","Chemokines","GSVA",-0.479542692795243,0.88530958669891,1.36485227949415,7.46763539385814e-05,"IC1","IC2","IC2",0.000250165785694248,TRUE,"Inflammatory"
"xCell_Macrophages M1","Macrophages M1","xCell",-0.459236879096679,0.847821930640023,1.3070588097367,7.46763539385814e-05,"IC1","IC2","IC2",0.000250165785694248,TRUE,"Myeloid/APC"
"GSVA_Macrophages_M2","Macrophages_M2","GSVA",-0.439004496924563,0.810469840476116,1.24947433740068,8.52791249366148e-05,"IC1","IC2","IC2",0.000278717140036741,TRUE,"Suppressive"
"ssGSEA_Immunosuppression","Immunosuppression","ssGSEA",-0.453847234876788,0.83787181823407,1.29171905311086,9.72935118579338e-05,"IC1","IC2","IC2",0.000310412633070551,TRUE,"Suppressive"
"GSVA_Antigen_presentation","Antigen_presentation","GSVA",-0.469658349177898,0.867061567713042,1.33671991689094,0.000110893681158645,"IC1","IC2","IC2",0.000330216739450187,TRUE,"Myeloid/APC"
"ssGSEA_Macrophages_M1","Macrophages_M1","ssGSEA",-0.463694640059231,0.856051643186274,1.3197462832455,0.000110893681158645,"IC1","IC2","IC2",0.000330216739450187,TRUE,"Myeloid/APC"
"GSVA_Cytokines_inflammatory","Cytokines_inflammatory","GSVA",-0.434483971955104,0.802124255917114,1.23660822787222,0.000110893681158645,"IC1","IC2","IC2",0.000330216739450187,TRUE,"Inflammatory"
"ssGSEA_B_cells","B_cells","ssGSEA",-0.472057257514633,0.871490321565477,1.34354757908011,0.000126273367658825,"IC1","IC2","IC2",0.000360013431197502,TRUE,"B cell/Humoral"
"ssGSEA_Macrophages_M2","Macrophages_M2","ssGSEA",-0.454885864018761,0.839789287419251,1.29467515143801,0.000126273367658825,"IC1","IC2","IC2",0.000360013431197502,TRUE,"Suppressive"
"xCell_CD4+ Tem","CD4+ Tem","xCell",-0.425769544510301,0.786036082172864,1.21180562668317,0.000155126228634713,"IC1","IC2","IC2",0.000433060721605241,TRUE,"Other (xCell)"
"GSVA_HALLMARK_TNFA_SIGNALING_VIA_NFKB","HALLMARK_TNFA_SIGNALING_VIA_NFKB","GSVA",-0.422589469462717,0.780165174392708,1.20275464385543,0.000238274109378326,"IC1","IC2","IC2",0.00065160674809583,TRUE,"Inflammatory"
"xCell_Macrophages","Macrophages","xCell",-0.376937230488998,0.695884117825842,1.07282134831484,0.000257300879381859,"IC1","IC2","IC2",0.000689566356743383,TRUE,"Myeloid/APC"
"xCell_CD8+ T-cells","CD8+ T-cells","xCell",-0.441032464747843,0.814213781072941,1.25524624582078,0.000296322599525715,"IC1","IC2","IC2",0.000778573104636192,TRUE,"Cytotoxic/NK"
"ssGSEA_HALLMARK_TNFA_SIGNALING_VIA_NFKB","HALLMARK_TNFA_SIGNALING_VIA_NFKB","ssGSEA",-0.453677276558201,0.837558049030526,1.29123532558873,0.000305117444099197,"IC1","IC2","IC2",0.000786264182871007,TRUE,"Inflammatory"
"ssGSEA_IFN_alpha_response","IFN_alpha_response","ssGSEA",-0.421382885611692,0.777937634975431,1.19932052058712,0.000344777166217217,"IC1","IC2","IC2",0.000871700759869945,TRUE,"Inflammatory"
"xCell_CD8+ naive T-cells","CD8+ naive T-cells","xCell",-0.388581492576742,0.717381217064754,1.1059627096415,0.000367718939520306,"IC1","IC2","IC2",0.000912487738809647,TRUE,"Cytotoxic/NK"
"EPIC_CD8_Tcells","CD8_Tcells","EPIC",0.244257016731698,-0.450936030889289,-0.695193047620988,0.000389219519232367,"IC1","IC2","IC1",0.000948280283220675,TRUE,"Cytotoxic/NK"
"xCell_aDC","aDC","xCell",-0.430773881108759,0.795274857431556,1.22604873854032,0.00055676779735021,"IC1","IC2","IC2",0.00133226580080229,TRUE,"Myeloid/APC"
"xCell_Class-switched memory B-cells","Class-switched memory B-cells","xCell",-0.456329311301902,0.842454113172743,1.29878342447465,0.000800489866111041,"IC1","IC2","IC2",0.00181806172981152,TRUE,"B cell/Humoral"
"GSVA_Immunosuppression","Immunosuppression","GSVA",-0.411798665117275,0.760243689447277,1.17204235456455,0.00078963664612586,"IC1","IC2","IC2",0.00181806172981152,TRUE,"Suppressive"
"xCell_cDC","cDC","xCell",-0.388375576771081,0.717001064808149,1.10537664157923,0.00078963664612586,"IC1","IC2","IC2",0.00181806172981152,TRUE,"Myeloid/APC"
"GSVA_IFN_alpha_response","IFN_alpha_response","GSVA",-0.401579598665386,0.741377720613021,1.14295731927841,0.000885493194356251,"IC1","IC2","IC2",0.00197760146739563,TRUE,"Inflammatory"
"ssGSEA_Cytokines_inflammatory","Cytokines_inflammatory","ssGSEA",-0.385701025197921,0.712063431134623,1.09776445633254,0.000992043059855007,"IC1","IC2","IC2",0.00217924213148477,TRUE,"Inflammatory"
"xCell_pDC","pDC","xCell",-0.441054386975523,0.814254252877889,1.25530863985341,0.00131496092428229,"IC1","IC2","IC2",0.00284201232022302,TRUE,"Myeloid/APC"
"quanTIseq_Macrophages.M2","Macrophages.M2","quanTIseq",-0.329355614136781,0.608041133790981,0.937396747927762,0.00138705694235091,"IC1","IC2","IC2",0.00295024809960352,TRUE,"Suppressive"
"xCell_Th2 cells","Th2 cells","xCell",-0.314785461018847,0.581142389573257,0.895927850592104,0.00149281841585782,"IC1","IC2","IC2",0.0031255885582023,TRUE,"Other (xCell)"
"quanTIseq_B.cells","B.cells","quanTIseq",-0.374099289065621,0.690644841351916,1.06474413041754,0.00172615792596744,"IC1","IC2","IC2",0.00355854095507135,TRUE,"B cell/Humoral"
"xCell_CD4+ memory T-cells","CD4+ memory T-cells","xCell",-0.292106872882367,0.539274226859754,0.831381099742121,0.00221435079830659,"IC1","IC2","IC2",0.00449580313595579,TRUE,"Pan-immune score"
"xCell_Megakaryocytes","Megakaryocytes","xCell",-0.394292015251254,0.727923720463853,1.12221573571511,0.00237948760637571,"IC1","IC2","IC2",0.00475897521275142,TRUE,"Other (xCell)"
"xCell_CD4+ naive T-cells","CD4+ naive T-cells","xCell",-0.432665614778772,0.798767288822348,1.23143290360112,0.00304821788556386,"IC1","IC2","IC2",0.00600678230390525,TRUE,"Pan-immune score"
"xCell_Macrophages M2","Macrophages M2","xCell",-0.35503472041805,0.655448714617939,1.01048343503599,0.00325240582910826,"IC1","IC2","IC2",0.00631626639276097,TRUE,"Suppressive"
"MCP_B lineage","B lineage","MCP",-0.374947869995417,0.692211452299231,1.06715932229465,0.0044081496956529,"IC1","IC2","IC2",0.00843845798882127,TRUE,"B cell/Humoral"
"MCP_NK cells","NK cells","MCP",-0.155319347453214,0.286743410682857,0.442062758136072,0.0053735123375463,"IC1","IC2","IC2",0.0100007035171001,TRUE,"Cytotoxic/NK"
"EPIC_Macrophages","Macrophages","EPIC",0.0259237098936796,-0.047859156726793,-0.0737828666204725,0.0053735123375463,"IC1","IC2","IC1",0.0100007035171001,TRUE,"Myeloid/APC"
"xCell_Tregs","Tregs","xCell",-0.304145803386194,0.561499944712974,0.865645748099169,0.00828405180869381,"IC1","IC2","IC2",0.0152063416762325,TRUE,"Suppressive"
"xCell_StromaScore","StromaScore","xCell",-0.27491693049868,0.507538948612948,0.782455879111629,0.00951813942862694,"IC1","IC2","IC2",0.0172355497761623,TRUE,"Pan-immune score"
"EPIC_Bcells","Bcells","EPIC",-0.377222405468039,0.696410594710225,1.07363300017826,0.0114312459587602,"IC1","IC2","IC2",0.0204238261129849,TRUE,"B cell/Humoral"
"xCell_Memory B-cells","Memory B-cells","xCell",-0.345425006844348,0.637707704943412,0.983132711787761,0.0117263887091288,"IC1","IC2","IC2",0.0206754748292534,TRUE,"B cell/Humoral"
"EPIC_Endothelial","Endothelial","EPIC",-0.316257110083628,0.583859280154391,0.900116390238019,0.0136782668396459,"IC1","IC2","IC2",0.0238037370975655,TRUE,"Stromal"
"xCell_Neurons","Neurons","xCell",0.19952744518248,-0.368358360336886,-0.567885805519365,0.0149416932334277,"IC1","IC2","IC1",0.0256690627343501,TRUE,"Other (xCell)"
"EPIC_otherCells","otherCells","EPIC",0.280319437110187,-0.517512806972652,-0.797832244082839,0.016306823708509,"IC1","IC2","IC1",0.0273139297117525,TRUE,"Other (EPIC)"
"quanTIseq_Macrophages.M1","Macrophages.M1","quanTIseq",-0.141829343155168,0.261838787363387,0.403668130518555,0.0162434137223904,"IC1","IC2","IC2",0.0273139297117525,TRUE,"Myeloid/APC"
"xCell_Osteoblast","Osteoblast","xCell",0.260770100558635,-0.481421724108249,-0.742191824666884,0.0182320082651679,"IC1","IC2","IC1",0.0301615939201543,TRUE,"Other (xCell)"
"quanTIseq_T.cells.CD4","T.cells.CD4","quanTIseq",-0.37976037159658,0.701096070639841,1.08085644223642,0.0205382564468412,"IC1","IC2","IC2",0.0335625166326429,TRUE,"Other (quanTIseq)"
"xCell_Monocytes","Monocytes","xCell",-0.309979335179353,0.572269541869575,0.882248877048928,0.0211592786745082,"IC1","IC2","IC2",0.0341607631612541,TRUE,"Myeloid/APC"
"xCell_Smooth muscle","Smooth muscle","xCell",0.332253500449726,-0.61339107775334,-0.945644578203065,0.0216019235374086,"IC1","IC2","IC1",0.0344602113572947,TRUE,"Stromal"
"quanTIseq_Dendritic.cells","Dendritic.cells","quanTIseq",0.248179900591677,-0.458178278015403,-0.70635817860708,0.0255466101884546,"IC1","IC2","IC1",0.0402734795912107,TRUE,"Myeloid/APC"
"xCell_Th1 cells","Th1 cells","xCell",0.247278886620985,-0.456514867607972,-0.703793754228957,0.0397547212087853,"IC1","IC2","IC1",0.0619434028136887,FALSE,"Other (xCell)"
"xCell_naive B-cells","naive B-cells","xCell",-0.309574104720181,0.571521424098795,0.881095528818976,0.0426437708090491,"IC1","IC2","IC2",0.0656812102116388,FALSE,"B cell/Humoral"
"xCell_Fibroblasts","Fibroblasts","xCell",-0.239293041827206,0.44177176952715,0.681064811354357,0.0433498043905115,"IC1","IC2","IC2",0.0660099294128243,FALSE,"Stromal"
"xCell_mv Endothelial cells","mv Endothelial cells","xCell",-0.273425696891853,0.50478590195419,0.778211598846043,0.0503973806344191,"IC1","IC2","IC2",0.0750361000556906,FALSE,"Stromal"
"xCell_Adipocytes","Adipocytes","xCell",-0.206364181364486,0.380980027134436,0.587344208498922,0.0503428039764346,"IC1","IC2","IC2",0.0750361000556906,FALSE,"Other (xCell)"
"MCP_Endothelial cells","Endothelial cells","MCP",-0.275079957606206,0.507839921734535,0.782919879340741,0.0627254066919078,"IC1","IC2","IC2",0.0923648845792929,FALSE,"Stromal"
"xCell_Endothelial cells","Endothelial cells","xCell",-0.25201499184656,0.465258446485957,0.717273438332517,0.0829400907760415,"IC1","IC2","IC2",0.119505077032146,FALSE,"Stromal"
"xCell_Keratinocytes","Keratinocytes","xCell",0.178047073757589,-0.32870229001401,-0.506749363771599,0.0829400907760415,"IC1","IC2","IC1",0.119505077032146,FALSE,"Other (xCell)"
"xCell_Tgd cells","Tgd cells","xCell",0.205659697304036,-0.379679441176681,-0.585339138480717,0.0892624847882716,"IC1","IC2","IC1",0.127246520868387,FALSE,"Other (xCell)"
"xCell_Plasma cells","Plasma cells","xCell",-0.272418012630138,0.502925561778716,0.775343574408853,0.100197143651825,"IC1","IC2","IC2",0.141330707887838,FALSE,"B cell/Humoral"
"EPIC_CD4_Tcells","CD4_Tcells","EPIC",-0.230504674992752,0.425547092294311,0.656051767287063,0.101331344727011,"IC1","IC2","IC2",0.141441668681453,FALSE,"Other (EPIC)"
"quanTIseq_NK.cells","NK.cells","quanTIseq",0.228660839887163,-0.422143089022455,-0.650803928909619,0.115301510825842,"IC1","IC2","IC1",0.159282499491369,FALSE,"Cytotoxic/NK"
"xCell_Epithelial cells","Epithelial cells","xCell",0.241556496407136,-0.445950454905483,-0.687506951312619,0.122833068740613,"IC1","IC2","IC1",0.164596312112422,FALSE,"Other (xCell)"
"EPIC_CAFs","CAFs","EPIC",-0.113836035366414,0.210158834522611,0.323994869889026,0.122833068740613,"IC1","IC2","IC2",0.164596312112422,FALSE,"Stromal"
"MCP_Fibroblasts","Fibroblasts","MCP",-0.0569448806343885,0.105129010401948,0.162073891036337,0.122833068740613,"IC1","IC2","IC2",0.164596312112422,FALSE,"Stromal"
"xCell_GMP","GMP","xCell",-0.237114190955633,0.4377492756104,0.674863466566033,0.134001672796245,"IC1","IC2","IC2",0.177784397571256,FALSE,"Other (xCell)"
"quanTIseq_Monocytes","Monocytes","quanTIseq",-0.187899662480705,0.346891684579763,0.534791347060468,0.156902887388139,"IC1","IC2","IC2",0.206127322647163,FALSE,"Myeloid/APC"
"xCell_ly Endothelial cells","ly Endothelial cells","xCell",-0.206582654408695,0.381383361985282,0.587966016393977,0.166383148183252,"IC1","IC2","IC2",0.216459629675299,FALSE,"Stromal"
"xCell_CD8+ Tem","CD8+ Tem","xCell",-0.293481947055014,0.541812825332334,0.835294772387348,0.193430385346139,"IC1","IC2","IC2",0.249227611888294,FALSE,"Cytotoxic/NK"
"xCell_Preadipocytes","Preadipocytes","xCell",-0.131117530032482,0.242063132367658,0.37318066240014,0.207901165849041,"IC1","IC2","IC2",0.265321487845443,FALSE,"Other (xCell)"
"xCell_pro B-cells","pro B-cells","xCell",-0.263769108832996,0.486958354768608,0.750727463601604,0.227990351536695,"IC1","IC2","IC2",0.288214217980351,FALSE,"B cell/Humoral"
"xCell_Myocytes","Myocytes","xCell",0.0568022320109661,-0.104865659097168,-0.161667891108134,0.231301267942961,"IC1","IC2","IC1",0.289667008451932,FALSE,"Other (xCell)"
"xCell_Mast cells","Mast cells","xCell",-0.1922927749188,0.355002046003938,0.547294820922738,0.24398126817597,"IC1","IC2","IC2",0.301837563160957,FALSE,"Pan-immune score"
"xCell_Melanocytes","Melanocytes","xCell",-0.0237653596542635,0.0438745101309476,0.0676398697852111,0.245524584959286,"IC1","IC2","IC2",0.301837563160957,FALSE,"Other (xCell)"
"xCell_Sebocytes","Sebocytes","xCell",0.0857575614743088,-0.15832165195257,-0.244079213426879,0.258726833025107,"IC1","IC2","IC1",0.315176323866949,FALSE,"Other (xCell)"
"xCell_Platelets","Platelets","xCell",-0.261615313010554,0.482982116327177,0.744597429337732,0.270020267324448,"IC1","IC2","IC2",0.325886839652202,FALSE,"Other (xCell)"
"xCell_Chondrocytes","Chondrocytes","xCell",0.134118409037478,-0.247603216684576,-0.381721625722054,0.272383030157064,"IC1","IC2","IC1",0.325886839652202,FALSE,"Other (xCell)"
"xCell_CLP","CLP","xCell",0.202172372224136,-0.373241302567635,-0.575413674791771,0.285952601287118,"IC1","IC2","IC1",0.339094235154635,FALSE,"Other (xCell)"
"xCell_Astrocytes","Astrocytes","xCell",-0.12800874976369,0.236323845717581,0.36433259548127,0.301153582461992,"IC1","IC2","IC2",0.350909391738321,FALSE,"Other (xCell)"
"xCell_Mesangial cells","Mesangial cells","xCell",-0.0975027707629919,0.180005115254754,0.277507886017746,0.301153582461992,"IC1","IC2","IC2",0.350909391738321,FALSE,"Other (xCell)"
"xCell_MSC","MSC","xCell",0.115544963822645,-0.213313779364884,-0.328858743187529,0.394522119248917,"IC1","IC2","IC1",0.455741068787542,FALSE,"Other (xCell)"
"xCell_Basophils","Basophils","xCell",-0.0809992676776327,0.149537109558706,0.230536377236339,0.445113413889378,"IC1","IC2","IC2",0.50978801248869,FALSE,"Innate myeloid"
"xCell_MPP","MPP","xCell",0.0287294062343306,-0.0530389038172257,-0.0817683100515563,0.458795574469809,"IC1","IC2","IC1",0.521005143889444,FALSE,"Other (xCell)"
"xCell_Neutrophils","Neutrophils","xCell",0.107422997398406,-0.198319379812442,-0.305742377210849,0.487997139255213,"IC1","IC2","IC1",0.549509383699148,FALSE,"Innate myeloid"
"EPIC_NKcells","NKcells","EPIC",-0.0349044279249218,0.0644389438613942,0.099343371786316,0.514277396216001,"IC1","IC2","IC2",0.574276425774535,FALSE,"Cytotoxic/NK"
"xCell_CMP","CMP","xCell",-0.107300399024887,0.198093044353637,0.305393443378523,0.523541082270198,"IC1","IC2","IC2",0.575036926427922,FALSE,"Other (xCell)"
"xCell_Skeletal muscle","Skeletal muscle","xCell",0.0558184347365863,-0.103049417975236,-0.158867852711823,0.519405817033535,"IC1","IC2","IC1",0.575036926427922,FALSE,"Other (xCell)"
"xCell_HSC","HSC","xCell",-0.102745745675403,0.18968445355459,0.292430199229993,0.5776988187284,"IC1","IC2","IC2",0.629362940728501,FALSE,"Other (xCell)"
"MCP_Neutrophils","Neutrophils","MCP",0.0974196455372204,-0.179851653299484,-0.277271298836704,0.599628426574895,"IC1","IC2","IC1",0.64798555775029,FALSE,"Innate myeloid"
"xCell_MEP","MEP","xCell",0.0654515691040715,-0.120833666038286,-0.186285235142357,0.621927311559416,"IC1","IC2","IC1",0.666706077991694,FALSE,"Other (xCell)"
"xCell_Erythrocytes","Erythrocytes","xCell",0.0890494514570686,-0.164398987305357,-0.253448438762426,0.62771694128637,"IC1","IC2","IC1",0.667571985177568,FALSE,"Other (xCell)"
"xCell_NK cells","NK cells","xCell",0.106538386772388,-0.19668625250287,-0.303224639275257,0.664466306424779,"IC1","IC2","IC1",0.701090433550554,FALSE,"Cytotoxic/NK"
"xCell_Pericytes","Pericytes","xCell",0.00673145008698775,-0.0124272924682851,-0.0191587425552728,0.689872329555102,"IC1","IC2","IC1",0.722210095002998,FALSE,"Stromal"
"xCell_CD4+ Tcm","CD4+ Tcm","xCell",-0.126888738823662,0.234256133212914,0.361144872036576,0.855098350668681,"IC1","IC2","IC2",0.887591959260536,FALSE,"Other (xCell)"
"quanTIseq_Neutrophils","Neutrophils","quanTIseq",0.0416188029901953,-0.0768347132126685,-0.118453516202864,0.861096676894549,"IC1","IC2","IC1",0.887591959260536,FALSE,"Innate myeloid"
"xCell_CD4+ T-cells","CD4+ T-cells","xCell",-0.167807429649031,0.309798331659749,0.47760576130878,0.871845687259554,"IC1","IC2","IC2",0.891811619028857,FALSE,"Pan-immune score"
"xCell_Hepatocytes","Hepatocytes","xCell",0.0144710167893854,-0.0267157233034812,-0.0411867400928666,0.898671301569288,"IC1","IC2","IC1",0.912287533411246,FALSE,"Other (xCell)"
"xCell_NKT","NKT","xCell",0.0258178426740954,-0.0476637095521762,-0.0734815522262715,0.936602870536566,"IC1","IC2","IC1",0.943644997382706,FALSE,"Cytotoxic/NK"
"xCell_Eosinophils","Eosinophils","xCell",0.0168399713939681,-0.0310891779580948,-0.0479291493520629,0.961224426626625,"IC1","IC2","IC1",0.961224426626625,FALSE,"Innate myeloid"
