"pathway","pval","padj","log2err","ES","NES","size","leadingEdge","subtype","comparison","gene_set","direction","significant","pathway_clean","n_leading"
"REACTOME_TCR_SIGNALING",3.63289929497329e-13,6.73315064185282e-11,0.932595211336209,0.903835112639561,1.62097205429116,105,"CD247,CD3D,LCK,CD3G,CD3E,TRAT1,ITK,ZAP70,PRKCQ,TRBV7-9,TRAV8-4,GRAP2,WAS,PTPRC,LCP2,CARD11,INPP5D,TRAV29DV5,FYB1,HLA-DPB1,CD4,PTPN22,HLA-DRA,HLA-DPA1,TRAV19,HLA-DRB1,PLCG2,HLA-DQA1,HLA-DQB1,CD101,HLA-DQA2,PAG1,HLA-DRB5","LumA","High_Q4_vs_Low_Q1","ReactomeImmune","Enriched in High/IC2",TRUE,"TCR SIGNALING",33
"REACTOME_FC_EPSILON_RECEPTOR_FCERI_SIGNALING",5.77952844794233e-13,6.73315064185282e-11,0.921426003494898,0.861365568645447,1.53982456757071,169,"ITK,PRKCQ,GRAP2,RASGRP2,LCP2,CARD11,FYN,IGLC2,BTK,IGLV1-47,IGLC3,IGLV1-40,IGKV3-15,IGLV2-14,IGLV1-44,IGHV1-46,IGKV1-5,IGHV2-5,VAV1,PLCG2,IGHV1-2,IGHV3-30,IGHV4-39,TXK,LYN,IGHV4-34,IGLV2-8,IGKV3-20,IGKV4-1,IGKV1-16,IGHV2-70,IGLV2-11,IGHV3-23,IGKV1-12,IGHV3-53,IGLV3-19,IGKV2D-30,IGLV3-25,IGKV2-30,IGLV3-27,IGLV6-57,IGKV2D-40,IGHV3-11,IGLV3-21,IGKV3-11,IGKV1-33,IGHV3-33,IGHV3-13,IGLV2-23,IGKV1D-16,IGKV1-17,IGHV1-69,IGKV1D-12,IGHV3-48,IGHV3-7,IGKV2-28,IGKV1D-33,IGLV1-51,NFATC2,IGHV4-59,FCER1G,LAT2,IGKV2D-28,IGKV1-39,IGKV3D-20,IGLV7-43,RASGRP4,IGKV1D-39,FCER1A,IGKV5-2","LumA","High_Q4_vs_Low_Q1","ReactomeImmune","Enriched in High/IC2",TRUE,"FC EPSILON RECEPTOR FCERI SIGNALING",70
"REACTOME_SIGNALING_BY_THE_B_CELL_RECEPTOR_BCR",1.39991349117974e-12,8.74363938342814e-11,0.910119734774459,0.866518710565035,1.54953050915559,151,"PRKCB,CD79B,CD19,CD79A,BLK,PIK3CD,CARD11,IGHM,FYN,IGLC2,BTK,IGLV1-47,IGLC3,IGLV1-40,IGKV3-15,IGLV2-14,IGLV1-44,IGHV1-46,IGKV1-5,IGHV2-5,VAV1,PLCG2,IGHV1-2,IGHV3-30,IGHV4-39,LYN,IGHV4-34,IGLV2-8,IGKV3-20,IGKV4-1,IGKV1-16,IGHV2-70,IGLV2-11,IGHV3-23,IGKV1-12,IGHV3-53,IGLV3-19,IGKV2D-30,IGLV3-25,IGKV2-30,IGLV3-27,IGLV6-57,IGKV2D-40,IGHV3-11,IGLV3-21,IGKV3-11,IGKV1-33,IGHV3-33,IGHV3-13,IGLV2-23,PIK3AP1,IGKV1D-16,IGKV1-17,IGHV1-69,IGKV1D-12,IGHV3-48,IGHV3-7,IGKV2-28,IGKV1D-33,IGLV1-51,IGHD,NFATC2,SH3KBP1,IGHV4-59,IGKV2D-28,IGKV1-39,IGKV3D-20,IGLV7-43,IGKV1D-39,NFKBIE,IGKV5-2,RASGRP3,CD22","LumA","High_Q4_vs_Low_Q1","ReactomeImmune","Enriched in High/IC2",TRUE,"SIGNALING BY THE B CELL RECEPTOR BCR",73
"REACTOME_SIGNALING_BY_INTERLEUKINS",1.50105397140397e-12,8.74363938342814e-11,0.910119734774459,0.786058166438159,1.39921617291475,406,"CCL5,LCK,FASLG,IL2RG,CCR5,PTPN7,IL12B,IL18RAP,TNFRSF1B,CCL19,IL12RB1,CCR2,JAK3,CSF2RB,IL7R,IL10RA,IFNG,FCER2,IL18BP,IRF4,PIK3CD,INPP5D,CXCL10,NLRC5,STAT4,IL2RA,EBI3,CD4,IL16,FYN,CCL4,IL15RA,IL18R1,SOCS1,IGHG1,VAV1,IL21R,S1PR1,LYN,IL15,LGALS9,IL10,CSF2RA,ITGB2,PTAFR,CASP1,CD86,LCP1,IL33,STAT1,IL32,IL34,IL1R2,CCL2,VCAM1,IL2RB,CCR1,IL3RA,SAA1,IL6,PIM1,IL7,ITGAX,CTSG,S100B,IL18,HAVCR2,CSF1R,IL23A,PTK2B,IL12RB2,FOXO1,MEF2C,HCK,STAT2,IL11RA,IL6R,IL12A,IL22RA2,FPR1,PSME2,CD80,SOCS3,NDN,CCL11,ANXA1,IL27RA,VIM,TGFB1,MSN,PTGS2,RAPGEF1,CXCL2,ICAM1,POMC,NFKB2,IGHG4,PTPN6,IL4R","LumA","High_Q4_vs_Low_Q1","ReactomeImmune","Enriched in High/IC2",TRUE,"SIGNALING BY INTERLEUKINS",99
"REACTOME_COMPLEMENT_CASCADE",2.05753479376539e-11,9.5881121389467e-10,0.863415391606693,0.89776947207805,1.61135877166745,96,"GZMM,CD19,FCN1,CR2,C1QA,IGHG2,C1QB,IGLC2,C3,IGLV1-47,IGLC3,IGLV1-40,IGKV3-15,IGLV2-14,IGLV1-44,IGHV1-46,IGKV1-5,IGHV2-5,IGHG1,IGHV1-2,C1QC,IGHV3-30,IGHV4-39,CR1,IGHV4-34,IGLV2-8,IGKV3-20,IGKV4-1,IGKV1-16,IGHV2-70,IGLV2-11,IGHV3-23,IGKV1-12,IGHV3-53,IGLV3-19,C7,IGKV2D-30,IGLV3-25,IGKV2-30,IGLV3-27,IGLV6-57,IGKV2D-40,IGHV3-11,IGLV3-21,IGKV3-11,IGKV1-33,IGHV3-33,IGHV3-13,IGLV2-23,IGKV1D-16,IGKV1-17,IGHV1-69,IGKV1D-12,IGHV3-48,C1R,IGHV3-7,IGKV2-28,IGKV1D-33,IGLV1-51,SERPING1,CFI,CFH,IGHV4-59,IGKV2D-28,C1S,IGKV1-39,C3AR1,IGKV3D-20,IGLV7-43,IGKV1D-39,IGKV5-2,PROS1,CFD,C2,IGHG4,C6","LumA","High_Q4_vs_Low_Q1","ReactomeImmune","Enriched in High/IC2",TRUE,"COMPLEMENT CASCADE",76
"REACTOME_ANTI_INFLAMMATORY_RESPONSE_FAVOURING_LEISHMANIA_PARASITE_INFECTION",4.1113329468157e-11,1.5965676276801e-09,0.851339057116899,0.872539308596165,1.56398840460362,125,"CD247,CD3G,GNGT2,FYN,IGHG2,IGLC2,DPEP2,IGLV1-47,IGLC3,IGLV1-40,IGKV3-15,IGLV2-14,IGLV1-44,FGR,IGHV1-46,IGKV1-5,IGHV2-5,IGHG1,PLCG2,IGHV1-2,IGHV3-30,IGHV4-39,LYN,IGHV4-34,IGLV2-8,IGKV3-20,IGKV4-1,IGKV1-16,IGHV2-70,IGLV2-11,IL10,IGHV3-23,IGKV1-12,IGHV3-53,IGLV3-19,IGKV2D-30,IGLV3-25,IGKV2-30,IGLV3-27,IGLV6-57,IGKV2D-40,GNG2,IGHV3-11,IGLV3-21,IGKV3-11,IGKV1-33,IGHV3-33,IGHV3-13,IGLV2-23,IGKV1D-16,IGKV1-17,IGHV1-69,IGKV1D-12,IGHV3-48,IGHV3-7,IGKV2-28,IGKV1D-33,IGLV1-51,DPEP1,IGHV4-59,ADCY4,IL6,GNG11,CD163,IGKV2D-28,CYSLTR2,IGKV1-39,IGKV3D-20,IGLV7-43,IGKV1D-39,HCK","LumA","High_Q4_vs_Low_Q1","ReactomeImmune","Enriched in High/IC2",TRUE,"ANTI INFLAMMATORY RESPONSE FAVOURING LEISHMANIA PARASITE INFECTION",71
"REACTOME_REGULATION_OF_T_CELL_ACTIVATION_BY_CD28_FAMILY",8.92005880027828e-11,2.96910528637834e-09,0.839088935621274,0.816178075916691,1.45421529482682,236,"CD247,CD3D,LCK,CD3G,CD3E,BTLA,TRBV7-9,PDCD1,ICOS,TRAV8-4,GRAP2,CTLA4,PIK3CD,TRAV29DV5,HLA-DPB1,CD4,PIK3R5,CD28,FYN,HLA-DRA,PDCD1LG2,HLA-DPA1,IRF1,TRAV19,PIK3CG,VAV1,HLA-DRB1,HLA-DQA1,LYN,HLA-DQB1,CD86,STAT1,PIK3R6,TCF7,CD274,HLA-DQA2,MAP3K14,HLA-DRB5,DERL3,CSK","LumA","High_Q4_vs_Low_Q1","ReactomeImmune","Enriched in High/IC2",TRUE,"REGULATION OF T CELL ACTIVATION BY CD28 FAMILY",40
"REACTOME_INITIAL_TRIGGERING_OF_COMPLEMENT",1.29011424497061e-10,3.00596619078151e-09,0.826657301178302,0.913309814163337,1.63813988249272,73,"GZMM,FCN1,C1QA,IGHG2,C1QB,IGLC2,C3,IGLV1-47,IGLC3,IGLV1-40,IGKV3-15,IGLV2-14,IGLV1-44,IGHV1-46,IGKV1-5,IGHV2-5,IGHG1,IGHV1-2,C1QC,IGHV3-30,IGHV4-39,IGHV4-34,IGLV2-8,IGKV3-20,IGKV4-1,IGKV1-16,IGHV2-70,IGLV2-11,IGHV3-23,IGKV1-12,IGHV3-53,IGLV3-19,IGKV2D-30,IGLV3-25,IGKV2-30,IGLV3-27,IGLV6-57,IGKV2D-40,IGHV3-11,IGLV3-21,IGKV3-11,IGKV1-33,IGHV3-33,IGHV3-13,IGLV2-23,IGKV1D-16,IGKV1-17,IGHV1-69,IGKV1D-12,IGHV3-48,C1R,IGHV3-7,IGKV2-28,IGKV1D-33,IGLV1-51,IGHV4-59,IGKV2D-28,C1S,IGKV1-39,IGKV3D-20,IGLV7-43,IGKV1D-39,IGKV5-2,CFD,C2,IGHG4","LumA","High_Q4_vs_Low_Q1","ReactomeImmune","Enriched in High/IC2",TRUE,"INITIAL TRIGGERING OF COMPLEMENT",66
"REACTOME_DOWNSTREAM_TCR_SIGNALING",1.12345246643618e-10,3.00596619078151e-09,0.839088935621274,0.901095953420963,1.61519302256123,84,"CD247,CD3D,LCK,CD3G,CD3E,TRAT1,PRKCQ,TRBV7-9,TRAV8-4,CARD11,INPP5D,TRAV29DV5,HLA-DPB1,CD4,HLA-DRA,HLA-DPA1,TRAV19,HLA-DRB1,HLA-DQA1,HLA-DQB1,HLA-DQA2,HLA-DRB5","LumA","High_Q4_vs_Low_Q1","ReactomeImmune","Enriched in High/IC2",TRUE,"DOWNSTREAM TCR SIGNALING",22
"REACTOME_SIGNALING_BY_GPCR",1.28339193239762e-10,3.00596619078151e-09,0.826657301178302,0.763865185985505,1.35925672467663,476,"CCL5,CXCR3,CXCL9,S1PR4,CCR7,PRKCQ,CCR5,XCL2,CXCR6,XCL1,CCL19,PRKCB,XCR1,CCR2,RASGRP2,GPR55,CXCL11,CCR4,CXCL10,GPR18,GNGT2,RGS18,GPR183,PIK3R5,WNT10A,FGD2,CCL4,CCL17,C3,BTK,PNOC,ACKR1,PIK3CG,CCL13,PLCB2,CCL23,P2RY10,CXCR4,CMKLR1,VAV1,P2RY14,ADGRE5,S1PR1,GPSM3,GPR65,CCL21,TACR1,GPBAR1,PTAFR,WNT10B,PTGER4,GNG2,CCR8,CRHBP,AVPR2,PIK3R6,S1PR2,CCL2,PDE3B,CAMK4,ARHGEF15,ARRB2,FPR3,CCR1,ADCY4,SAA1,PTGFR,GNG11,DHH,PDE1B,CHRM1,GPR15,PLA2G4A,PTCH2,CYSLTR2,PDE2A,P2RY6,C3AR1,ARHGEF1,PDE1A,NMB,GHRL,CCRL2,GRK5,RGS1,PDE7B,PTGIR,CX3CL1,GPR132,P2RY13,FPR1,PRKCH,ADGRE1,CCL11,GRK6,ANXA1,DGKA,EDN1,RGS2,CXCL2,NMUR1,UTS2,POMC,APLNR,HCAR2,LPAR5,HBEGF,RGS19,ADCYAP1R1,CCL22,CCL4L2,PSAP,LPAR6,F2R,CXCL3,ADRB2,ADGRE2,FFAR4,C5AR1,HTR2B,F2RL2,PRKCA,EDNRB,SUCNR1,PENK,CXCL1,ADCY7,RGS10,LPAR4","LumA","High_Q4_vs_Low_Q1","ReactomeImmune","Enriched in High/IC2",TRUE,"SIGNALING BY GPCR",129
"REACTOME_ANTIGEN_ACTIVATES_B_CELL_RECEPTOR_BCR_LEADING_TO_GENERATION_OF_SECOND_MESSENGERS",1.48060711678745e-10,3.13619507464978e-09,0.826657301178302,0.900006709682187,1.61392583742409,85,"CD79B,CD19,CD79A,BLK,PIK3CD,IGHM,FYN,IGLC2,BTK,IGLV1-47,IGLC3,IGLV1-40,IGKV3-15,IGLV2-14,IGLV1-44,IGHV1-46,IGKV1-5,IGHV2-5,VAV1,PLCG2,IGHV1-2,IGHV3-30,IGHV4-39,LYN,IGHV4-34,IGLV2-8,IGKV3-20,IGKV4-1,IGKV1-16,IGHV2-70,IGLV2-11,IGHV3-23,IGKV1-12,IGHV3-53,IGLV3-19,IGKV2D-30,IGLV3-25,IGKV2-30,IGLV3-27,IGLV6-57,IGKV2D-40,IGHV3-11,IGLV3-21,IGKV3-11,IGKV1-33,IGHV3-33,IGHV3-13,IGLV2-23,PIK3AP1,IGKV1D-16,IGKV1-17,IGHV1-69,IGKV1D-12,IGHV3-48,IGHV3-7,IGKV2-28,IGKV1D-33,IGLV1-51,IGHD,SH3KBP1,IGHV4-59,IGKV2D-28,IGKV1-39,IGKV3D-20,IGLV7-43,IGKV1D-39","LumA","High_Q4_vs_Low_Q1","ReactomeImmune","Enriched in High/IC2",TRUE,"ANTIGEN ACTIVATES B CELL RECEPTOR BCR LEADING TO GENERATION OF SECOND MESSENGERS",66
"REACTOME_G2_M_DNA_DAMAGE_CHECKPOINT",1.51598717040722e-06,2.94354175587401e-05,0.643551836150722,-0.58987059960937,-2.03863793889595,83,"BRCA1,H4C16,RAD50,YWHAE,BRCC3,RBBP8,RFC5,TP53BP1,NSD2,RMI1,WEE1,H4C14,H2BC6,RHNO1,TOPBP1,RAD17,RAD1,HERC2,MRE11,ATR,DNA2,H2BC7,HUS1,RPA1,H4C5,UBE2V2,MDC1,H2BC9,H2BC21,H4C4,YWHAG,H4C12,TP53,CDK1,RNF8,YWHAZ,NBN,RFC3,H2BC5,H2BC4,H2BC15,UBE2N,CHEK1,KAT5,ATRIP","LumA","High_Q4_vs_Low_Q1","ReactomeImmune","Enriched in Low/IC1",TRUE,"G2 M DNA DAMAGE CHECKPOINT",45
"REACTOME_INTERFERON_GAMMA_SIGNALING",2.70039527371714e-06,4.83993922135457e-05,0.627256739718528,0.845422725909618,1.51608980318326,89,"GBP5,IFNG,HLA-E,GBP4,IRF4,GBP1,HLA-DPB1,CIITA,HLA-DRA,IRF8,HLA-DPA1,IRF1,SOCS1,HLA-F,HLA-DRB1,HLA-DQA1,B2M,HLA-DQB1,HLA-B,PTAFR,HLA-A,STAT1,TRIM22,VCAM1,GBP2,HLA-DQA2,HLA-DRB5,PML,HLA-H,TRIM21,HLA-C,HLA-DQB2,SOCS3,MID1,ICAM1,FCGR1A,IRF5,PTPN6,IFI30,OASL,SP100,HLA-G","LumA","High_Q4_vs_Low_Q1","ReactomeImmune","Enriched in High/IC2",TRUE,"INTERFERON GAMMA SIGNALING",42
"REACTOME_G2_M_CHECKPOINTS",1.60893378201329e-05,0.000267772550863641,0.575610261071129,-0.473012271724449,-1.7693572011698,142,"BRCA1,H4C16,ORC4,RAD50,YWHAE,MCM4,BRCC3,RBBP8,RFC5,TP53BP1,NSD2,RMI1,WEE1,H4C14,H2BC6,RHNO1,TOPBP1,ORC2,RAD17,PSMC6,RAD1,ORC5,HERC2,MRE11,ATR,DNA2,H2BC7,HUS1,RPA1,H4C5,UBE2V2,PSMD6,MDC1,CDK2,MCM2,CDC6,H2BC9,H2BC21,H4C4,CDC7,YWHAG,H4C12,TP53,CDK1,PSMD14,ORC3,RNF8,YWHAZ,NBN,RFC3,H2BC5,H2BC4,H2BC15,UBE2N,PSMC1,MCM3,CHEK1,KAT5,PSMD1,ATRIP","LumA","High_Q4_vs_Low_Q1","ReactomeImmune","Enriched in Low/IC1",TRUE,"G2 M CHECKPOINTS",60
"REACTOME_NUCLEAR_EVENTS_STIMULATED_BY_ALK_SIGNALING_IN_CANCER",3.00483742344156e-05,0.000466751413107922,0.575610261071129,0.906719860994281,1.58839991156688,34,"PRF1,GZMB,ZAP70,ICOS,IL10RA,IRF4,BCL2A1","LumA","High_Q4_vs_Low_Q1","ReactomeImmune","Enriched in High/IC2",TRUE,"NUCLEAR EVENTS STIMULATED BY ALK SIGNALING IN CANCER",7
"REACTOME_ANTIGEN_PROCESSING_CROSS_PRESENTATION",3.37052320055954e-05,0.000490832441081483,0.557332238758646,0.819598532203186,1.47109269623982,95,"HLA-E,NCF4,PSMB9,NCF1,BTK,HLA-F,LY96,TAP2,B2M,TAP1,HLA-B,CTSS,HLA-A,PSMB10,CYBB,MRC1,TLR4,NCF2,PSMB8,CYBA,HLA-C,CD14,PSME2,FCGR1A,HLA-G,CTSL,TLR1,RPS27A,CD36,TLR6,TLR2,TAPBP,UBA52,PSME1","LumA","High_Q4_vs_Low_Q1","ReactomeImmune","Enriched in High/IC2",TRUE,"ANTIGEN PROCESSING CROSS PRESENTATION",34
"REACTOME_INTERLEUKIN_2_FAMILY_SIGNALING",6.58182020216452e-05,0.000902096533590785,0.538434096309916,0.891910585317816,1.56455377183211,35,"LCK,IL2RG,JAK3,CSF2RB,PIK3CD,INPP5D,STAT4,IL2RA,IL15RA,IL21R,IL15,LGALS9,CSF2RA,STAT1,IL2RB,IL3RA,HAVCR2,PTK2B","LumA","High_Q4_vs_Low_Q1","ReactomeImmune","Enriched in High/IC2",TRUE,"INTERLEUKIN 2 FAMILY SIGNALING",18
"REACTOME_INTERLEUKIN_10_SIGNALING",8.85109244548589e-05,0.00114572474433234,0.538434096309916,0.882051261575686,1.56016567112238,41,"CCL5,CCR5,IL12B,TNFRSF1B,CCL19,CCR2,IL10RA,FCER2,CXCL10,CCL4,IL10,PTAFR,CD86,IL1R2,CCL2,CCR1,IL6,IL18,IL12A,FPR1,CD80,PTGS2,CXCL2,ICAM1","LumA","High_Q4_vs_Low_Q1","ReactomeImmune","Enriched in High/IC2",TRUE,"INTERLEUKIN 10 SIGNALING",24
"REACTOME_INTERLEUKIN_4_AND_INTERLEUKIN_13_SIGNALING",0.000122191798931639,0.00149845732374062,0.518848077743792,0.800424941772722,1.4363574660162,103,"FASLG,IL2RG,IL12B,TNFRSF1B,JAK3,FCER2,IRF4,SOCS1,IGHG1,S1PR1,IL10,ITGB2,STAT1,CCL2,VCAM1,SAA1,IL6,PIM1,ITGAX,IL18,IL23A,FOXO1,IL6R,IL12A,SOCS3,NDN,CCL11,ANXA1,VIM,TGFB1,PTGS2,ICAM1,POMC,IGHG4,IL4R,CCL22,FSCN1,RHOU,CD36,JUNB,HGF,HMOX1,JAK2,ALOX5,TWIST1,MMP3","LumA","High_Q4_vs_Low_Q1","ReactomeImmune","Enriched in High/IC2",TRUE,"INTERLEUKIN 4 AND INTERLEUKIN 13 SIGNALING",46
"REACTOME_PLATELET_ACTIVATION_SIGNALING_AND_AGGREGATION",0.000141704925358148,0.00165086238042243,0.518848077743792,0.742639911203847,1.32377185880484,230,"LCK,CTSW,PRKCQ,PRKCB,RASGRP2,LCP2,PLEK,FERMT3,SRGN,GNGT2,PIK3R5,FYN,APBB1IP,SELP,RAC2,PIK3CG,VAV1,GP1BA,PLCG2,LYN,PECAM1,GNG2,VWF,PIK3R6,F5,ARRB2,SERPING1,MMRN1,GNG11,FCER1G,IGF1,RHOG,CSK,PLA2G4A,A2M,TMSB4X,TOR4A,PRKCH,PROS1,DGKA,TGFB1,CFD,VEGFD,ITIH3,PTPN6,CLEC3B,RARRES2,LEFTY2,PSAP,F2R,F2RL2,PRKCA,SYK,CD36,VEGFB,HGF,GNAI2,LHFPL2,RAP1A,HABP4,TF","LumA","High_Q4_vs_Low_Q1","ReactomeImmune","Enriched in High/IC2",TRUE,"PLATELET ACTIVATION SIGNALING AND AGGREGATION",61
"REACTOME_DAP12_SIGNALING",0.000151113904541944,0.00167664475039395,0.518848077743792,0.913609594522467,1.56738564473384,25,"LCK,GRAP2,HLA-E,LCP2,KLRD1,FYN,BTK,PLCG2,B2M,TYROBP","LumA","High_Q4_vs_Low_Q1","ReactomeImmune","Enriched in High/IC2",TRUE,"DAP12 SIGNALING",10
"REACTOME_MITOTIC_SPINDLE_CHECKPOINT",0.000353031996244394,0.00373892977840654,0.49849310876659,-0.474041807178341,-1.70800376980626,109,"SEH1L,CLASP2,CKAP5,DYNC1I2,NDE1,CLIP1,CDC23,KNTC1,AHCTF1,BUB3,CDC27,CENPP,CENPQ,XPO1,PPP2CA,PPP2R5E,UBE2E1,DYNC1H1,PPP2R5D,MIS12,NUP98,NUP107,ITGB3BP,SPDL1,NUP133,PAFAH1B1,ZWINT,TAOK1,CENPE,ANAPC1,NUP43,NUF2,NUP37,NSL1,PPP2R5A,CENPF,DYNC1LI2,CENPI,KIF18A,MAPRE1,BUB1B,MAD2L1,ZWILCH,CENPU,CENPC,RANBP2,INCENP,ERCC6L,KNL1,CLASP1,SGO2,SPC25,PPP2R1B,ANAPC15,NUP85,CDC16,CENPO,SGO1,SKA1,NUP160,CENPH","LumA","High_Q4_vs_Low_Q1","ReactomeImmune","Enriched in Low/IC1",TRUE,"MITOTIC SPINDLE CHECKPOINT",61
"REACTOME_INTERFERON_SIGNALING",0.000499162028709268,0.00505672837779389,0.477270815362862,0.717831391247683,1.27915574043122,262,"GBP5,IFNG,HLA-E,GBP4,IRF4,GBP1,HLA-DPB1,CIITA,HLA-DRA,IRF8,SAMHD1,HLA-DPA1,IRF1,SOCS1,HLA-F,HLA-DRB1,HLA-DQA1,B2M,HLA-DQB1,HLA-B,PTAFR,CASP1,HLA-A,STAT1,TRIM22,VCAM1,GBP2,HLA-DQA2,HLA-DRB5,PML,PIM1,MX2,PSMB8,HLA-H,TRIM21,IFNAR2,HLA-C,ISG20,UBE2L6,HLA-DQB2,STAT2,SOCS3,MID1,IFI44,ICAM1,HERC5,FCGR1A,IFIT3,IRF5,IFI44L,PTPN6,IFI30,IFIH1,OASL,SP100,RSAD2,HLA-G,ISG15,RPS27A,XAF1,IFIT2,IFI35,BST2,EGR1,MX1,UBA7,IFNGR1,IRF7,UBA52,OAS2,TUBB6,IFITM3,IRF3,JAK2,NCK1,IRF9,IFI6,TYK2,SNCA,ACTB,IFI27,IFIT5,YBX1,USP18,KPNA5","LumA","High_Q4_vs_Low_Q1","ReactomeImmune","Enriched in High/IC2",TRUE,"INTERFERON SIGNALING",85
"REACTOME_CONSTITUTIVE_SIGNALING_BY_ABERRANT_PI3K_IN_CANCER",0.000782686758864475,0.00759858395064261,0.477270815362862,0.809443462467651,1.45063365985241,70,"LCK,TRAT1,ICOS,CD19,PIK3CD,PIK3R5,CD28,FYN,RAC2,PIK3CG,VAV1,CD86,PIK3AP1,PIK3R6","LumA","High_Q4_vs_Low_Q1","ReactomeImmune","Enriched in High/IC2",TRUE,"CONSTITUTIVE SIGNALING BY ABERRANT PI3K IN CANCER",14
"REACTOME_INTERFERON_ALPHA_BETA_SIGNALING",0.000900976013014688,0.00839709644129689,0.477270815362862,0.818674267725405,1.46596397585031,64,"HLA-E,IRF4,IRF8,SAMHD1,IRF1,SOCS1,HLA-F,HLA-B,HLA-A,STAT1,GBP2,MX2,PSMB8,HLA-H,IFNAR2,HLA-C,ISG20,STAT2,SOCS3,IFIT3,IRF5,PTPN6,OASL,RSAD2,HLA-G,ISG15,RPS27A,XAF1,IFIT2,IFI35,BST2,EGR1,MX1,IRF7,UBA52,OAS2,IFITM3,IRF3,IRF9,IFI6,TYK2,IFI27,IFIT5,USP18","LumA","High_Q4_vs_Low_Q1","ReactomeImmune","Enriched in High/IC2",TRUE,"INTERFERON ALPHA BETA SIGNALING",44
"REACTOME_INTERLEUKIN_RECEPTOR_SHC_SIGNALING",0.00111444894258019,0.00998717706235322,0.45505986738723,0.898795508948222,1.52195666367641,21,"IL2RG,JAK3,CSF2RB,PIK3CD,INPP5D,IL2RA,CSF2RA,IL2RB,IL3RA","LumA","High_Q4_vs_Low_Q1","ReactomeImmune","Enriched in High/IC2",TRUE,"INTERLEUKIN RECEPTOR SHC SIGNALING",9
"REACTOME_PI3K_AKT_SIGNALING_IN_CANCER",0.00171474682267501,0.0147976299882695,0.354819512103747,0.772946670322189,1.38729794910067,97,"LCK,TRAT1,ICOS,CD19,PIK3CD,PIK3R5,CD28,FYN,RAC2,PIK3CG,VAV1,CD86,PIK3AP1,PIK3R6,RHOG,FOXO1,CD80,HBEGF,KLB,MET,FGF7,HGF,KIT","LumA","High_Q4_vs_Low_Q1","ReactomeImmune","Enriched in High/IC2",TRUE,"PI3K AKT SIGNALING IN CANCER",23
"REACTOME_FLT3_SIGNALING",0.00187183439770976,0.0150392211953922,0.354819512103747,0.847608382760431,1.49078260724989,37,"SLA2,LCK,GRAP2,FYN,SLA,CSK,HCK,SH2B3","LumA","High_Q4_vs_Low_Q1","ReactomeImmune","Enriched in High/IC2",TRUE,"FLT3 SIGNALING",8
"REACTOME_SIGNALING_BY_ALK_IN_CANCER",0.00182333873581848,0.0150392211953922,0.34452128726268,0.777066393131475,1.39415912271679,88,"PRF1,GZMB,ZAP70,ICOS,IL10RA,IRF4,BCL2A1,IL10,STAT1,BCL11A","LumA","High_Q4_vs_Low_Q1","ReactomeImmune","Enriched in High/IC2",TRUE,"SIGNALING BY ALK IN CANCER",10
"REACTOME_INTERLEUKIN_3_INTERLEUKIN_5_AND_GM_CSF_SIGNALING",0.00194216659473457,0.0150841605524385,0.34452128726268,0.840194484952725,1.48674826391884,42,"IL2RG,JAK3,CSF2RB,PIK3CD,INPP5D,IL2RA,FYN,VAV1,LYN,CSF2RA,IL2RB,IL3RA,HCK,RAPGEF1,PTPN6,RPS27A,SYK,UBA52,JAK2,STAT5A","LumA","High_Q4_vs_Low_Q1","ReactomeImmune","Enriched in High/IC2",TRUE,"INTERLEUKIN 3 INTERLEUKIN 5 AND GM CSF SIGNALING",20
"REACTOME_SIGNALING_BY_SCF_KIT",0.00302114803625378,0.0227073384660364,0.274717458595242,0.83029898571068,1.4692378939007,42,"LCK,GRAP2,FYN,SOCS1,VAV1,LYN,STAT1,GRAP,CMA1,SH2B3,PTPN6,PRKCA,KIT,FES,JAK2,STAT5A","LumA","High_Q4_vs_Low_Q1","ReactomeImmune","Enriched in High/IC2",TRUE,"SIGNALING BY SCF KIT",16
"REACTOME_CD28_DEPENDENT_PI3K_AKT_SIGNALING",0.0037593984962406,0.0266885571379481,0.256635016972443,0.873537852591355,1.50044746170718,26,"LCK,PIK3CD,PIK3R5,CD28,FYN,PIK3CG,CD86,PIK3R6,MAP3K14","LumA","High_Q4_vs_Low_Q1","ReactomeImmune","Enriched in High/IC2",TRUE,"CD28 DEPENDENT PI3K AKT SIGNALING",9
"REACTOME_INTERLEUKIN_12_FAMILY_SIGNALING",0.00377992440151197,0.0266885571379481,0.241698386096655,0.809167157142265,1.44163025549901,52,"IL12B,IL12RB1,IFNG,STAT4,EBI3,IL10,LCP1,STAT1,IL23A,IL12RB2,IL12A,PSME2,IL27RA,MSN","LumA","High_Q4_vs_Low_Q1","ReactomeImmune","Enriched in High/IC2",TRUE,"INTERLEUKIN 12 FAMILY SIGNALING",14
"REACTOME_INTERACTIONS_OF_REV_WITH_HOST_CELLULAR_PROTEINS",0.00522709526321255,0.0347975198951007,0.407017918923954,-0.57054091314726,-1.69676623450118,37,"SEH1L,NUP58,KPNB1,NUP205,TPR,XPO1,NUP88,NUP210,NDC1,NUP42,NUP155,NUP98,NUP107,NUP35,NUP133,RCC1,NUP43,NUP37","LumA","High_Q4_vs_Low_Q1","ReactomeImmune","Enriched in Low/IC1",TRUE,"INTERACTIONS OF REV WITH HOST CELLULAR PROTEINS",18
"REACTOME_SIGNALING_BY_CSF1_M_CSF_IN_MYELOID_CELLS",0.00511712531271321,0.0347975198951007,0.215782858966574,0.849833021399755,1.47928221048025,31,"GRAP2,PIK3CD,INPP5D,GAB3,FYN,PLCG2,LYN,STAT1,IL34,CSF1R,HCK","LumA","High_Q4_vs_Low_Q1","ReactomeImmune","Enriched in High/IC2",TRUE,"SIGNALING BY CSF1 M CSF IN MYELOID CELLS",11
"REACTOME_INTERLEUKIN_7_SIGNALING",0.0055142651642292,0.0356895495351501,0.213387923018053,0.875250907521615,1.49160509480735,23,"IL2RG,JAK3,IL7R,SOCS1,IL7","LumA","High_Q4_vs_Low_Q1","ReactomeImmune","Enriched in High/IC2",TRUE,"INTERLEUKIN 7 SIGNALING",5
"REACTOME_INTERLEUKIN_12_SIGNALING",0.0063502314067377,0.0399892950748617,0.18806904097585,0.814246069967078,1.44097913626623,43,"IL12B,IL12RB1,IFNG,STAT4,IL10,LCP1,IL12RB2,IL12A,PSME2,MSN","LumA","High_Q4_vs_Low_Q1","ReactomeImmune","Enriched in High/IC2",TRUE,"INTERLEUKIN 12 SIGNALING",10
"REACTOME_DIFFERENTIATION_OF_NAIVE_CD_T_CELLS_TO_T_HELPER_1_CELLS_TH1_CELLS",0.00755954927970332,0.046351973215023,0.198584486969905,0.91902383011212,1.48515438473244,12,"TBX21,CXCR3,IFNG,RUNX3,STAT4,STAT1","LumA","High_Q4_vs_Low_Q1","ReactomeImmune","Enriched in High/IC2",TRUE,"DIFFERENTIATION OF NAIVE CD T CELLS TO T HELPER 1 CELLS TH1 CELLS",6
"REACTOME_INTERLEUKIN_15_SIGNALING",0.00791160823898513,0.0472667876841932,0.189706833450518,0.904401616228096,1.47869513329963,14,"IL2RG,JAK3,IL15RA,IL15,IL2RB","LumA","High_Q4_vs_Low_Q1","ReactomeImmune","Enriched in High/IC2",TRUE,"INTERLEUKIN 15 SIGNALING",5
"REACTOME_MHC_CLASS_II_ANTIGEN_PRESENTATION",0.0114423366455887,0.0666516109605541,0.134646973904378,0.731858265884065,1.312535197147,116,"HLA-DOB,LAG3,HLA-DPB1,HLA-DMB,HLA-DOA,HLA-DRA,HLA-DPA1,HLA-DMA,HLA-DRB1,HLA-DQA1,CD74,HLA-DQB1,CTSC,CTSS,HLA-DQA2,LGMN,HLA-DRB5,HLA-DQB2,AP1S2,RILP,IFI30,AP1M1,CTSH,CTSL","LumA","High_Q4_vs_Low_Q1","ReactomeImmune","Enriched in High/IC2",FALSE,"MHC CLASS II ANTIGEN PRESENTATION",24
"REACTOME_SIGNALING_BY_KIT_IN_DISEASE",0.012825348924934,0.0711501499883243,0.142470368773132,0.870548985680162,1.46097768411516,19,"LCK,FYN,LYN,STAT1","LumA","High_Q4_vs_Low_Q1","ReactomeImmune","Enriched in High/IC2",FALSE,"SIGNALING BY KIT IN DISEASE",4
"REACTOME_CD209_DC_SIGN_SIGNALING",0.0125372393247269,0.0711501499883243,0.143184642183776,0.866419472868499,1.45945511498329,20,"ICAM3,FYN,ICAM2,LYN,CD209,RELB","LumA","High_Q4_vs_Low_Q1","ReactomeImmune","Enriched in High/IC2",FALSE,"CD209 DC SIGN SIGNALING",6
"REACTOME_NUCLEOTIDE_BINDING_DOMAIN_LEUCINE_RICH_REPEAT_CONTAINING_RECEPTOR_NLR_SIGNALING_PATHWAYS",0.0179859876607759,0.0974589563944369,0.109215847765851,0.774920760878225,1.38316204744268,55,"PSTPIP1,AIM2,TNFAIP3,NLRP1,BIRC3,CASP1,NLRP3,NLRC4,CASP4,NFKB2,CARD9,IRAK2,RPS27A,TXNIP,MAPK11,HMOX1,UBA52,CYLD","LumA","High_Q4_vs_Low_Q1","ReactomeImmune","Enriched in High/IC2",FALSE,"NUCLEOTIDE BINDING DOMAIN LEUCINE RICH REPEAT CONTAINING RECEPTOR NLR SIGNALING PATHWAYS",18
"REACTOME_NON_CANONICAL_INFLAMMASOME_ACTIVATION",0.0189811584089323,0.100513861574573,0.123095330850962,0.891094622452205,1.45101559255766,13,"GBP4,GBP1,GBP2,CASP4,IL18","LumA","High_Q4_vs_Low_Q1","ReactomeImmune","Enriched in High/IC2",FALSE,"NON CANONICAL INFLAMMASOME ACTIVATION",5
"REACTOME_INTERLEUKIN_2_SIGNALING",0.0206653964531731,0.107000830524207,0.120854561651304,0.904331065205507,1.45087230513174,11,"LCK,IL2RG,JAK3,IL2RA,IL2RB,PTK2B","LumA","High_Q4_vs_Low_Q1","ReactomeImmune","Enriched in High/IC2",FALSE,"INTERLEUKIN 2 SIGNALING",6
"REACTOME_SIGNALING_BY_ERYTHROPOIETIN",0.0280726586459071,0.142194118793399,0.0924960508813,0.825141834982923,1.41561064460752,25,"PIK3CD,PIK3R5,PIK3CG,VAV1,PLCG2,LYN","LumA","High_Q4_vs_Low_Q1","ReactomeImmune","Enriched in High/IC2",FALSE,"SIGNALING BY ERYTHROPOIETIN",6
"REACTOME_STAT3_NUCLEAR_EVENTS_DOWNSTREAM_OF_ALK_SIGNALING",0.0347354536127803,0.168611681078704,0.0926961428741135,0.891502728010522,1.43029103807899,11,"IL2RG,CD274,PRDM1","LumA","High_Q4_vs_Low_Q1","ReactomeImmune","Enriched in High/IC2",FALSE,"STAT3 NUCLEAR EVENTS DOWNSTREAM OF ALK SIGNALING",3
"REACTOME_INFLAMMASOMES",0.0340119165839126,0.168611681078704,0.086034814321778,0.84124673701328,1.41705246909124,20,"PSTPIP1,AIM2,NLRP1,CASP1,NLRP3,NLRC4","LumA","High_Q4_vs_Low_Q1","ReactomeImmune","Enriched in High/IC2",FALSE,"INFLAMMASOMES",6
"REACTOME_INTERACTIONS_OF_VPR_WITH_HOST_CELLULAR_PROTEINS",0.0391304347826087,0.182733114754098,0.241698386096655,-0.497743982372151,-1.48027102571211,37,"SEH1L,NUP58,NUP205,TPR,NUP88,NUP210,NDC1,KPNA1,NUP42,NUP155,NUP98,NUP107,NUP35,NUP133,NUP43,NUP37","LumA","High_Q4_vs_Low_Q1","ReactomeImmune","Enriched in Low/IC1",FALSE,"INTERACTIONS OF VPR WITH HOST CELLULAR PROTEINS",16
"REACTOME_REGULATION_OF_KIT_SIGNALING",0.0392131147540984,0.182733114754098,0.0822473549270266,0.85277918395012,1.40946373346806,16,"LCK,FYN,SOCS1,LYN,SH2B3,PTPN6,PRKCA,KIT","LumA","High_Q4_vs_Low_Q1","ReactomeImmune","Enriched in High/IC2",FALSE,"REGULATION OF KIT SIGNALING",8
"REACTOME_INTERLEUKIN_37_SIGNALING",0.040362127499057,0.184399523672162,0.0792842936900608,0.83757439182751,1.40563887314194,19,"PTPN7,IL18BP,IL18R1,CASP1","LumA","High_Q4_vs_Low_Q1","ReactomeImmune","Enriched in High/IC2",FALSE,"INTERLEUKIN 37 SIGNALING",4
"REACTOME_SIGNALING_BY_CTNNB1_PHOSPHO_SITE_MUTANTS",0.0427215189873418,0.187813470265106,0.138395468894856,-0.647837126823499,-1.51683627510296,15,"GSK3B,PPP2CA,PPP2R5E,PPP2R5D,CSNK1A1,CTNNB1,APC,PPP2R5A","LumA","High_Q4_vs_Low_Q1","ReactomeImmune","Enriched in Low/IC1",FALSE,"SIGNALING BY CTNNB1 PHOSPHO SITE MUTANTS",8
"REACTOME_INTERLEUKIN_20_FAMILY_SIGNALING",0.042248208223312,0.187813470265106,0.0774315909249512,0.836253651776042,1.40342237323963,19,"JAK3,STAT4,STAT1,STAT2,IL22RA2,SOCS3,JAK2,STAT5A,TYK2","LumA","High_Q4_vs_Low_Q1","ReactomeImmune","Enriched in High/IC2",FALSE,"INTERLEUKIN 20 FAMILY SIGNALING",9
"REACTOME_DISEASES_OF_IMMUNE_SYSTEM",0.0450307027518763,0.194299143355318,0.0710949907592617,0.794584606790902,1.38311273385353,31,"BTK,LY96,TLR10,TLR4,CD14,NFKB2,TLR7,TLR1,CD36,TLR6,TLR2,MYD88,NFKBIA","LumA","High_Q4_vs_Low_Q1","ReactomeImmune","Enriched in High/IC2",FALSE,"DISEASES OF IMMUNE SYSTEM",13
"REACTOME_INACTIVATION_OF_CSF3_G_CSF_SIGNALING",0.0486762436186632,0.206210268420882,0.069818186147199,0.811082691789995,1.38711122079925,24,"SOCS1,LYN,STAT1,HCK,SOCS3,RPS27A,SYK,UBA52,JAK2,STAT5A,TYK2","LumA","High_Q4_vs_Low_Q1","ReactomeImmune","Enriched in High/IC2",FALSE,"INACTIVATION OF CSF3 G CSF SIGNALING",11
"REACTOME_MITOTIC_TELOPHASE_CYTOKINESIS",0.0602749383151216,0.24952992920325,0.10954123067857,-0.648633529412779,-1.45561373267609,13,"SMC1A,PDS5A,RAD21,STAG2,SMC3,KIF23,PDS5B,STAG1,NIPBL","LumA","High_Q4_vs_Low_Q1","ReactomeImmune","Enriched in Low/IC1",FALSE,"MITOTIC TELOPHASE CYTOKINESIS",9
"REACTOME_SIGNALING_BY_ALK",0.0610438024231128,0.24952992920325,0.061381954012731,0.794314757731374,1.36907202242719,27,"IL2RG,JAK3,CD274,PRDM1,ALKAL2,PTPN6","LumA","High_Q4_vs_Low_Q1","ReactomeImmune","Enriched in High/IC2",FALSE,"SIGNALING BY ALK",6
"REACTOME_MAPK1_MAPK3_SIGNALING",0.0691930806919308,0.277965306917584,0.0529320926690098,0.652372116884975,1.16228993917886,239,"PRKCQ,IL2RG,PTPN7,RASAL3,JAK3,CSF2RB,IL2RA,FYN,DUSP2,APBB1IP,CSF2RA,VWF,ARRB2,IL2RB,IL3RA,RGL1,IL6,CSK,RASGRP4,IL6R,TEK,RASGRP3,MRAS,RASA3,HBEGF,GFRA2,RPS27A,KLB,ANGPT1,DUSP1,MET,FGF7,HGF,KIT,RAP1A,UBA52,JAK2,MAP3K11,RASGRF1,TYK2,PDGFRA,ACTB,EGFR","LumA","High_Q4_vs_Low_Q1","ReactomeImmune","Enriched in High/IC2",FALSE,"MAPK1 MAPK3 SIGNALING",43
"REACTOME_REGULATION_OF_SIGNALING_BY_CBL",0.0734898508192712,0.288359906344074,0.0570783025835191,0.806951094530881,1.36643383656805,21,"PIK3CD,FYN,VAV1,LYN,HCK,RAPGEF1,RPS27A,SYK,UBA52","LumA","High_Q4_vs_Low_Q1","ReactomeImmune","Enriched in High/IC2",FALSE,"REGULATION OF SIGNALING BY CBL",9
"REACTOME_GENE_AND_PROTEIN_EXPRESSION_BY_JAK_STAT_SIGNALING_AFTER_INTERLEUKIN_12_STIMULATION",0.0742557698740105,0.288359906344074,0.0540314682667677,0.764282584254615,1.3388770241681,34,"IFNG,STAT4,IL10,LCP1,PSME2,MSN","LumA","High_Q4_vs_Low_Q1","ReactomeImmune","Enriched in High/IC2",FALSE,"GENE AND PROTEIN EXPRESSION BY JAK STAT SIGNALING AFTER INTERLEUKIN 12 STIMULATION",6
"REACTOME_PURINERGIC_SIGNALING_IN_LEISHMANIASIS_INFECTION",0.0791879377893862,0.302471959097164,0.0539880274007771,0.792449491579544,1.35524477690526,24,"PSTPIP1,C3,CASP1,NLRP3,CTSG,IL18,C3AR1,ENTPD1,NFKB2,TXNIP,HMOX1","LumA","High_Q4_vs_Low_Q1","ReactomeImmune","Enriched in High/IC2",FALSE,"PURINERGIC SIGNALING IN LEISHMANIASIS INFECTION",11
"REACTOME_ANTIGEN_PROCESSING_UB_ATP_INDEPENDENT_PROTEASOMAL_DEGRADATION",0.0818735719725819,0.307686165638896,0.0549663983626419,0.814737847543799,1.36294684501001,18,"PSMB9,PSMB10,PSMB8,PSME2,PSME1","LumA","High_Q4_vs_Low_Q1","ReactomeImmune","Enriched in High/IC2",FALSE,"ANTIGEN PROCESSING UB ATP INDEPENDENT PROTEASOMAL DEGRADATION",5
"REACTOME_ANTIGEN_PRESENTATION_FOLDING_ASSEMBLY_AND_PEPTIDE_LOADING_OF_CLASS_I_MHC",0.0833716651333947,0.308342825017158,0.0516208105781906,0.771971603383264,1.33728394728886,29,"HLA-E,HLA-F,TAP2,B2M,TAP1,HLA-B,HLA-A,HLA-C","LumA","High_Q4_vs_Low_Q1","ReactomeImmune","Enriched in High/IC2",FALSE,"ANTIGEN PRESENTATION FOLDING ASSEMBLY AND PEPTIDE LOADING OF CLASS I MHC",8
"REACTOME_REGULATION_OF_INNATE_IMMUNE_RESPONSES_TO_CYTOSOLIC_DNA",0.0862526168876483,0.313916665792263,0.0562362053989718,0.839082157201972,1.36632099763601,13,"ZBP1,TRIM21,STING1,RPS27A,UBA52,IRF3","LumA","High_Q4_vs_Low_Q1","ReactomeImmune","Enriched in High/IC2",FALSE,"REGULATION OF INNATE IMMUNE RESPONSES TO CYTOSOLIC DNA",6
"REACTOME_REGULATION_OF_IFNG_SIGNALING",0.0875733187832492,0.313916665792263,0.0551036070153613,0.83228809724473,1.3607896501023,14,"IFNG,SOCS1,STAT1,SOCS3,PTPN6,IFNGR1,JAK2","LumA","High_Q4_vs_Low_Q1","ReactomeImmune","Enriched in High/IC2",FALSE,"REGULATION OF IFNG SIGNALING",7
"REACTOME_OTHER_INTERLEUKIN_SIGNALING",0.0902421129860602,0.316685552280719,0.0511279601048567,0.796320570362093,1.34843285977635,21,"CD4,IL16,IL32,IL34,CSF1R","LumA","High_Q4_vs_Low_Q1","ReactomeImmune","Enriched in High/IC2",FALSE,"OTHER INTERLEUKIN SIGNALING",5
"REACTOME_INTERLEUKIN_1_FAMILY_SIGNALING",0.091064085848962,0.316685552280719,0.0456661013731298,0.671526579999741,1.20363922113493,126,"PTPN7,IL18RAP,IL18BP,NLRC5,IL18R1,CASP1,IL33,IL1R2,SAA1,CTSG,S100B,IL18,NFKB2,PTPN6,IRAK2,RPS27A,UBA52,AGER,NFKBIB,ALOX5,IL1RL1,MYD88,NFKBIA,MAP3K3,USP18,GSDMD","LumA","High_Q4_vs_Low_Q1","ReactomeImmune","Enriched in High/IC2",FALSE,"INTERLEUKIN 1 FAMILY SIGNALING",26
"REACTOME_SIGNALING_BY_CSF3_G_CSF",0.105910763569457,0.362900116348287,0.0453100651044091,0.760838188894304,1.31799756886593,29,"SOCS1,LYN,STAT1,HCK,SOCS3,RPS27A,SYK,UBA52,JAK2,STAT5A,TYK2","LumA","High_Q4_vs_Low_Q1","ReactomeImmune","Enriched in High/IC2",FALSE,"SIGNALING BY CSF3 G CSF",11
"REACTOME_MAPK_FAMILY_SIGNALING_CASCADES",0.111388861113889,0.376139197674435,0.0407564308684108,0.634167145390618,1.12980338246527,276,"PRKCQ,IL2RG,PTPN7,RASAL3,JAK3,CSF2RB,IL2RA,FYN,DUSP2,APBB1IP,CSF2RA,VWF,ARRB2,IL2RB,IL3RA,RGL1,IL6,CSK,FOXO1,RASGRP4,IL6R,TEK,RASGRP3,MRAS,RASA3,HBEGF,CDC42EP5,GFRA2,RPS27A,KLB,ANGPT1,DUSP1,MET,FGF7,HGF,KIT,CCND3,RAP1A,UBA52,JAK2","LumA","High_Q4_vs_Low_Q1","ReactomeImmune","Enriched in High/IC2",FALSE,"MAPK FAMILY SIGNALING CASCADES",40
"REACTOME_THE_NLRP3_INFLAMMASOME",0.114396574792614,0.380777170381131,0.0471979591200671,0.813284417181831,1.33733353384374,15,"PSTPIP1,CASP1,NLRP3,NFKB2,TXNIP,HMOX1,P2RX7","LumA","High_Q4_vs_Low_Q1","ReactomeImmune","Enriched in High/IC2",FALSE,"THE NLRP3 INFLAMMASOME",7
"REACTOME_REGULATION_OF_IFNA_IFNB_SIGNALING",0.120667522464698,0.395993418792602,0.0474718353392469,0.829161593005256,1.3399358484026,12,"SOCS1,STAT1,IFNAR2,STAT2,SOCS3,PTPN6,TYK2,USP18","LumA","High_Q4_vs_Low_Q1","ReactomeImmune","Enriched in High/IC2",FALSE,"REGULATION OF IFNA IFNB SIGNALING",8
"REACTOME_GROWTH_HORMONE_RECEPTOR_SIGNALING",0.122393247269116,0.396078147412557,0.0436333153096766,0.785444989585855,1.32305626025912,20,"SOCS1,LYN,STAT1,SOCS3,PTPN6,JAK2,STAT5A","LumA","High_Q4_vs_Low_Q1","ReactomeImmune","Enriched in High/IC2",FALSE,"GROWTH HORMONE RECEPTOR SIGNALING",7
"REACTOME_INTERLEUKIN_35_SIGNALLING",0.147910426472686,0.472097662577203,0.0424257895952613,0.81490829814797,1.31690233973766,12,"STAT4,EBI3,STAT1,IL12RB2,IL12A,IL27RA","LumA","High_Q4_vs_Low_Q1","ReactomeImmune","Enriched in High/IC2",FALSE,"INTERLEUKIN 35 SIGNALLING",6
"REACTOME_SIGNALING_BY_NOTCH2",0.153550863723608,0.483477719562173,0.0363710691140797,0.731777399923219,1.27615513322451,32,"GZMB,FCER2","LumA","High_Q4_vs_Low_Q1","ReactomeImmune","Enriched in High/IC2",FALSE,"SIGNALING BY NOTCH2",2
"REACTOME_CROSS_PRESENTATION_OF_SOLUBLE_EXOGENOUS_ANTIGENS_ENDOSOMES",0.161721552005217,0.502414954896207,0.0345125065272769,0.712087521079411,1.25795341533899,40,"PSMB9,PSMB10,MRC1,PSMB8,PSME2,FCGR1A","LumA","High_Q4_vs_Low_Q1","ReactomeImmune","Enriched in High/IC2",FALSE,"CROSS PRESENTATION OF SOLUBLE EXOGENOUS ANTIGENS ENDOSOMES",6
"REACTOME_DOWNSTREAM_SIGNALING_EVENTS_OF_B_CELL_RECEPTOR_BCR",0.170533880903491,0.522820976980439,0.0323316046324851,0.675046648381554,1.20903248902345,67,"PRKCB,CARD11,NFATC2,NFKBIE,RASGRP3,RPS27A,FKBP1A,UBA52,NFKBIB,NFATC1,NFKBIA","LumA","High_Q4_vs_Low_Q1","ReactomeImmune","Enriched in High/IC2",FALSE,"DOWNSTREAM SIGNALING EVENTS OF B CELL RECEPTOR BCR",11
"REACTOME_SIGNALING_BY_INSULIN_RECEPTOR",0.178947368421053,0.54149008885851,0.202498775969141,-0.358987924509623,-1.1801938781802,65,"FGF10,PDPK1,PIK3CB,ATP6V1C1,PIK3R4,ATP6V1B1,FGFR1,ATP6V0A1,PIK3C3,ATP6V1H,INSR,ATP6V1G2,ATP6V1D,ATP6V1A,PTPN11,FLT3,ATP6V1E2,IDE,IRS1,THEM4,SHC1,PTPRF","LumA","High_Q4_vs_Low_Q1","ReactomeImmune","Enriched in Low/IC1",FALSE,"SIGNALING BY INSULIN RECEPTOR",22
"REACTOME_STING_MEDIATED_INDUCTION_OF_HOST_IMMUNE_RESPONSES",0.185240758423135,0.553347393751159,0.0364020639179082,0.784877200633476,1.28327291326052,14,"NLRC3,IFI16,TRIM21,STING1,CGAS,IRF3","LumA","High_Q4_vs_Low_Q1","ReactomeImmune","Enriched in High/IC2",FALSE,"STING MEDIATED INDUCTION OF HOST IMMUNE RESPONSES",6
"REACTOME_NOD1_2_SIGNALING_PATHWAY",0.197435330532832,0.582309266001897,0.0309447894171407,0.704889623970816,1.23871549895119,36,"TNFAIP3,BIRC3,CASP1,CASP4,CARD9,IRAK2,RPS27A,MAPK11,UBA52,CYLD","LumA","High_Q4_vs_Low_Q1","ReactomeImmune","Enriched in High/IC2",FALSE,"NOD1 2 SIGNALING PATHWAY",10
"REACTOME_HIGH_LAMINAR_FLOW_SHEAR_STRESS_ACTIVATES_SIGNALING_BY_PIEZO1_AND_PECAM1_CDH5_KDR_IN_ENDOTHELIAL_CELLS",0.203386330786702,0.585049568806194,0.0291320130936677,0.668176572376452,1.19568866629023,62,"PIK3CD,GNGT2,FYN,PECAM1,GNG2,ADCY4,GNG11,CDH5,NOS3,ADCY7,FLT4,PRKAR1B,PRR5,CALCRL","LumA","High_Q4_vs_Low_Q1","ReactomeImmune","Enriched in High/IC2",FALSE,"HIGH LAMINAR FLOW SHEAR STRESS ACTIVATES SIGNALING BY PIEZO1 AND PECAM1 CDH5 KDR IN ENDOTHELIAL CELLS",14
"REACTOME_SIGNALING_BY_VEGF",0.202416918429003,0.585049568806194,0.0287686999295148,0.643735105777721,1.15477293404591,104,"PRKCB,NCF4,NCKAP1L,FYN,NCF1,SH2D2A,VAV1,CYBB,NCF2,CYBA,CAV1,PTK2B,CDH5,ELMO1,VEGFD,NOS3,PRKCA,VEGFB,MAPK11,FLT4,PGF,NCK1,PRR5,ACTB,PAK3,VEGFC,AXL","LumA","High_Q4_vs_Low_Q1","ReactomeImmune","Enriched in High/IC2",FALSE,"SIGNALING BY VEGF",27
"REACTOME_SIGNALING_BY_WNT_IN_CANCER",0.208733624454148,0.593108957290446,0.0922972084621158,-0.417454164392071,-1.18965363831055,32,"FZD6,GSK3B,PPP2CA,PPP2R5E,TNKS,PPP2R5D,CSNK1A1,CTNNB1,APC,PPP2R5A,FZD5,LRP6","LumA","High_Q4_vs_Low_Q1","ReactomeImmune","Enriched in Low/IC1",FALSE,"SIGNALING BY WNT IN CANCER",12
"REACTOME_EPHRIN_SIGNALING",0.216144850999623,0.602891697494172,0.0316706166401607,0.743944804403791,1.24850729289882,19,"FYN,EPHB6,EPHB2,EPHB1","LumA","High_Q4_vs_Low_Q1","ReactomeImmune","Enriched in High/IC2",FALSE,"EPHRIN SIGNALING",4
"REACTOME_TNFR1_INDUCED_NF_KAPPA_B_SIGNALING_PATHWAY",0.219939031274698,0.602891697494172,0.0293361955812739,0.704524952682487,1.22862927297953,32,"TRAF1,TNFAIP3,BIRC3,OPTN,RPS27A,TRADD,UBA52,CYLD","LumA","High_Q4_vs_Low_Q1","ReactomeImmune","Enriched in High/IC2",FALSE,"TNFR1 INDUCED NF KAPPA B SIGNALING PATHWAY",8
"REACTOME_INTRACELLULAR_SIGNALING_BY_SECOND_MESSENGERS",0.21967803219678,0.602891697494172,0.027192973763518,0.610473774428163,1.08751580537815,280,"LCK,TRAT1,ICOS,CD19,PIK3CD,PIK3R5,CD28,FYN,RAC2,PIK3CG,VAV1,CD86,IL33,PIK3AP1,PIK3R6,CAMK4,ADCY4,PML,PDE1B,RHOG,PDE1A,FOXO1,PIP4K2A,SGK1,CD80,MECOM,HBEGF,PREX2,RPS27A,KLB,PRKCA,ADCY7,EGR1,MET,FGF7,HGF,KIT,UBA52,PPARG,IL1RL1,PIP5K1B,MYD88,PRKAR1B,NR4A1,PRR5,PDGFRA,EGFR,PRKX,PHC2","LumA","High_Q4_vs_Low_Q1","ReactomeImmune","Enriched in High/IC2",FALSE,"INTRACELLULAR SIGNALING BY SECOND MESSENGERS",49
"REACTOME_SIGNALING_BY_PDGFR_IN_DISEASE",0.239532251980385,0.613307853971754,0.0297446208212851,0.733112983440454,1.23032905254007,19,"BIN2,STAT1","LumA","High_Q4_vs_Low_Q1","ReactomeImmune","Enriched in High/IC2",FALSE,"SIGNALING BY PDGFR IN DISEASE",2
"REACTOME_INTEGRIN_SIGNALING",0.239309210526316,0.613307853971754,0.0285290358596046,0.710813912217236,1.22094185978158,26,"RASGRP2,APBB1IP,VWF,CSK,SYK,RAP1A,RAPGEF3","LumA","High_Q4_vs_Low_Q1","ReactomeImmune","Enriched in High/IC2",FALSE,"INTEGRIN SIGNALING",7
"REACTOME_SIGNALING_BY_ACTIVIN",0.229701304164914,0.613307853971754,0.0600616151238803,-0.513197488068894,-1.22022269142443,16,"ACVR2B,INHA,SMAD2,SMAD4,ACVR1B","LumA","High_Q4_vs_Low_Q1","ReactomeImmune","Enriched in Low/IC1",FALSE,"SIGNALING BY ACTIVIN",5
"REACTOME_NETRIN_1_SIGNALING",0.230046429361044,0.613307853971754,0.0281476671868756,0.692828546678117,1.21752034602447,36,"PRKCQ,AGAP2,FYN,RGMA","LumA","High_Q4_vs_Low_Q1","ReactomeImmune","Enriched in High/IC2",FALSE,"NETRIN 1 SIGNALING",4
"REACTOME_RET_SIGNALING",0.232478443510944,0.613307853971754,0.0279610991295042,0.691890515313466,1.21587192625721,36,"DOK2,PIK3CD","LumA","High_Q4_vs_Low_Q1","ReactomeImmune","Enriched in High/IC2",FALSE,"RET SIGNALING",2
"REACTOME_ACTIVATION_OF_NF_KAPPAB_IN_B_CELLS",0.238180102736136,0.613307853971754,0.0266114758272282,0.665476636239992,1.18662538987547,53,"PRKCB,CARD11,NFKBIE,RPS27A,UBA52,NFKBIB","LumA","High_Q4_vs_Low_Q1","ReactomeImmune","Enriched in High/IC2",FALSE,"ACTIVATION OF NF KAPPAB IN B CELLS",6
"REACTOME_NEF_MEDIATED_DOWNREGULATION_OF_MHC_CLASS_I_COMPLEX_CELL_SURFACE_EXPRESSION",0.251995782497364,0.631344272278342,0.0321922231256595,0.783495905187344,1.24417126266461,10,"B2M,HLA-A,AP1S2,AP1M1","LumA","High_Q4_vs_Low_Q1","ReactomeImmune","Enriched in High/IC2",FALSE,"NEF MEDIATED DOWNREGULATION OF MHC CLASS I COMPLEX CELL SURFACE EXPRESSION",4
"REACTOME_SEMA3A_PLEXIN_REPULSION_SIGNALING_BY_INHIBITING_INTEGRIN_ADHESION",0.251398172145683,0.631344272278342,0.0303565056020427,0.753691262791545,1.23228395693095,14,"FYN,FES,SEMA3A,RRAS,PLXNA4,NRP1","LumA","High_Q4_vs_Low_Q1","ReactomeImmune","Enriched in High/IC2",FALSE,"SEMA3A PLEXIN REPULSION SIGNALING BY INHIBITING INTEGRIN ADHESION",6
"REACTOME_BETA_CATENIN_INDEPENDENT_WNT_SIGNALING",0.259779338014042,0.64392112507736,0.0244058606493461,0.622702828190438,1.11616748175006,125,"PRKCB,GNGT2,PDE6G,RAC2,PLCB2,GNG2,TCF7,ARRB2,GNG11","LumA","High_Q4_vs_Low_Q1","ReactomeImmune","Enriched in High/IC2",FALSE,"BETA CATENIN INDEPENDENT WNT SIGNALING",9
"REACTOME_NEGATIVE_REGULATORS_OF_DDX58_IFIH1_SIGNALING",0.263807089676631,0.647021598891105,0.0258610368354664,0.682279049489762,1.19682654056725,35,"NLRC5,TNFAIP3,UBE2L6,HERC5,IFIH1,ISG15,RPS27A,UBA7,UBA52,IRF3,CYLD,RNF125,RIGI","LumA","High_Q4_vs_Low_Q1","ReactomeImmune","Enriched in High/IC2",FALSE,"NEGATIVE REGULATORS OF DDX58 IFIH1 SIGNALING",13
"REACTOME_ADVANCED_GLYCOSYLATION_ENDPRODUCT_RECEPTOR_SIGNALING",0.281414919412352,0.676091644475483,0.0291044135063116,0.752461718091557,1.21598785945588,12,"SAA1,S100B,AGER,LGALS3","LumA","High_Q4_vs_Low_Q1","ReactomeImmune","Enriched in High/IC2",FALSE,"ADVANCED GLYCOSYLATION ENDPRODUCT RECEPTOR SIGNALING",4
"REACTOME_SARS_COV_1_ACTIVATES_MODULATES_INNATE_IMMUNE_RESPONSES",0.281463045124986,0.676091644475483,0.024336107163646,0.665018721836571,1.17628013887725,41,"CASP1,NLRP3,NMI,STING1,IFIH1,TLR7,IRAK2,RPS27A,BST2,FKBP1A,UBA52,IRF3,NFKBIA,RIGI","LumA","High_Q4_vs_Low_Q1","ReactomeImmune","Enriched in High/IC2",FALSE,"SARS COV 1 ACTIVATES MODULATES INNATE IMMUNE RESPONSES",14
"REACTOME_DDX58_IFIH1_MEDIATED_INDUCTION_OF_INTERFERON_ALPHA_BETA",0.285728952772074,0.6793351632234,0.0232356342171485,0.639404362097363,1.14519589016917,67,"NLRC5,TNFAIP3,CASP10,SAA1,S100B,UBE2L6,NFKB2,HERC5,IFIH1,ISG15,RPS27A,UBA7,IRF7,UBA52,AGER,IRF3,NFKBIB,CYLD,RNF125,NFKBIA,RIGI,CASP8,IKBKE,DHX58,TRAF2","LumA","High_Q4_vs_Low_Q1","ReactomeImmune","Enriched in High/IC2",FALSE,"DDX58 IFIH1 MEDIATED INDUCTION OF INTERFERON ALPHA BETA",25
"REACTOME_TIE2_SIGNALING",0.299147540983607,0.704054313628084,0.0265434450750983,0.722528747867861,1.19418729452407,16,"DOK2,TEK,ANGPT1","LumA","High_Q4_vs_Low_Q1","ReactomeImmune","Enriched in High/IC2",FALSE,"TIE2 SIGNALING",3
"REACTOME_INTERLEUKIN_6_SIGNALING",0.305584053935219,0.711723162046628,0.0281135455123913,0.749865504123105,1.20305398583054,11,"STAT1,IL6,IL6R,SOCS3,JAK2,TYK2","LumA","High_Q4_vs_Low_Q1","ReactomeImmune","Enriched in High/IC2",FALSE,"INTERLEUKIN 6 SIGNALING",6
"REACTOME_TRAF6_MEDIATED_IRF7_ACTIVATION_IN_TLR7_8_OR_9_SIGNALING",0.308515190415062,0.711723162046628,0.0274655467272908,0.739547936214074,1.19511902107497,12,"TLR7,RPS27A,IRF7,UBA52,MYD88","LumA","High_Q4_vs_Low_Q1","ReactomeImmune","Enriched in High/IC2",FALSE,"TRAF6 MEDIATED IRF7 ACTIVATION IN TLR7 8 OR 9 SIGNALING",5
"REACTOME_MET_ACTIVATES_PTK2_SIGNALING",0.312302839116719,0.713397661903878,0.0710949907592617,-0.393153393766161,-1.09975317931681,30,"COL2A1,PTK2,LAMA3,COL24A1,COL11A1,FN1,ITGA2,LAMC2,ITGA3,SRC","LumA","High_Q4_vs_Low_Q1","ReactomeImmune","Enriched in Low/IC1",FALSE,"MET ACTIVATES PTK2 SIGNALING",10
"REACTOME_INTERLEUKIN_27_SIGNALING",0.320826615858127,0.724472007640324,0.0272565898399834,0.742448751922346,1.19115484758778,11,"EBI3,STAT1,IL27RA,JAK2,TYK2,IL27","LumA","High_Q4_vs_Low_Q1","ReactomeImmune","Enriched in High/IC2",FALSE,"INTERLEUKIN 27 SIGNALING",6
"REACTOME_REGULATION_OF_NF_KAPPA_B_SIGNALING",0.326478801726326,0.724472007640324,0.0245208540897068,0.700970505110609,1.1726293816665,18,"NLRC5,RPS27A,UBA52,USP18,CASP8,TRAF2,IKBIP","LumA","High_Q4_vs_Low_Q1","ReactomeImmune","Enriched in High/IC2",FALSE,"REGULATION OF NF KAPPA B SIGNALING",7
"REACTOME_SIGNALING_BY_RECEPTOR_TYROSINE_KINASES",0.325367463253675,0.724472007640324,0.0207751242072789,0.584792297649454,1.04055048103248,490,"LCK,IL2RG,PRKCB,JAK3,GRAP2,NCF4,NCKAP1L,FYN,NCF1,SOCS1,SH2D2A,LYL1,VAV1,LYN,STAT1,GRAP,COL4A4,CYBB,PDE3B,CD274,APOE,MATK,PAG1,FGFBP2,SH3KBP1,PRDM1,EGR2,NCF2,IGF1,CYBA,CMA1,CSK,S100B,ID1,CAV1,PTK2B,SPRY1,MEF2C,SGK1,CDH5,ELMO1,THBS4,ID3,SH2B3,ALKAL2,LTK,RAPGEF1,PTPRO,VEGFD,COL6A6,HBEGF,PTPN6,ADCYAP1R1,NOS3,EGR3,FOSB,RPS27A,KLB,PRKCA,VEGFB,DNM3,MAPK11,SPRY2,EGR1,JUNB,MET,FGF7,HGF,KIT,FES,RAP1A,RRAD,FLT4,UBA52,CXCL12,PGF,JAK2,STAT5A,PCSK5,PTN,NCK1,ID4,LAMA2,MXD4,CILP,RPS6KA3,PRR5,PDGFRA,NTRK1,ACTB,FLRT2,EGFR,DUSP7,ATP6V1B2,RALGDS,PAK3,VEGFC,GABRQ,FOS,SRF","LumA","High_Q4_vs_Low_Q1","ReactomeImmune","Enriched in High/IC2",FALSE,"SIGNALING BY RECEPTOR TYROSINE KINASES",100
"REACTOME_INTERLEUKIN_6_FAMILY_SIGNALING",0.334864603481625,0.733695323065743,0.0233110681854237,0.681456747114458,1.15879913994809,22,"STAT1,IL6,IL11RA,IL6R,SOCS3,JAK2,TYK2,OSM,LIF","LumA","High_Q4_vs_Low_Q1","ReactomeImmune","Enriched in High/IC2",FALSE,"INTERLEUKIN 6 FAMILY SIGNALING",9
"REACTOME_SIGNALING_BY_FGFR_IN_DISEASE",0.336933045356371,0.733695323065743,0.114790404232843,-0.327782055369063,-1.04646247028308,53,"ERLIN2,BAG4,FGF10,ZMYM2,CUX1,POLR2A,TRIM24,CPSF6,FGFR1","LumA","High_Q4_vs_Low_Q1","ReactomeImmune","Enriched in Low/IC1",FALSE,"SIGNALING BY FGFR IN DISEASE",9
"REACTOME_CRMPS_IN_SEMA3A_SIGNALING",0.345999464811346,0.734072085137137,0.0244313229701036,0.704829236871531,1.15899401757633,15,"FYN,DPYSL2,FES,SEMA3A","LumA","High_Q4_vs_Low_Q1","ReactomeImmune","Enriched in High/IC2",FALSE,"CRMPS IN SEMA3A SIGNALING",4
"REACTOME_P130CAS_LINKAGE_TO_MAPK_SIGNALING_FOR_INTEGRINS",0.353294229982267,0.734072085137137,0.0244058606493461,0.70514672529073,1.15291371912652,14,"APBB1IP,VWF","LumA","High_Q4_vs_Low_Q1","ReactomeImmune","Enriched in High/IC2",FALSE,"P130CAS LINKAGE TO MAPK SIGNALING FOR INTEGRINS",2
"REACTOME_RUNX3_REGULATES_NOTCH_SIGNALING",0.358204883371982,0.734072085137137,0.0241790191589434,0.703171105104859,1.14968358341947,14,"RUNX3,MAML2,NOTCH1,KAT2B","LumA","High_Q4_vs_Low_Q1","ReactomeImmune","Enriched in High/IC2",FALSE,"RUNX3 REGULATES NOTCH SIGNALING",4
"REACTOME_GRB2_SOS_PROVIDES_LINKAGE_TO_MAPK_SIGNALING_FOR_INTEGRINS",0.359159732642204,0.734072085137137,0.024135388674134,0.702680239338605,1.14888101871078,14,"APBB1IP,VWF","LumA","High_Q4_vs_Low_Q1","ReactomeImmune","Enriched in High/IC2",FALSE,"GRB2 SOS PROVIDES LINKAGE TO MAPK SIGNALING FOR INTEGRINS",2
"REACTOME_ADORA2B_MEDIATED_ANTI_INFLAMMATORY_CYTOKINES_PRODUCTION",0.345959039859062,0.734072085137137,0.0213169736652703,0.647320476395977,1.13851411472011,37,"GNGT2,GNG2,ADCY4,IL6,GNG11,ADCY7,GNAI2,PRKAR1B,PRKX,GNB4","LumA","High_Q4_vs_Low_Q1","ReactomeImmune","Enriched in High/IC2",FALSE,"ADORA2B MEDIATED ANTI INFLAMMATORY CYTOKINES PRODUCTION",10
"REACTOME_CLEC7A_DECTIN_1_SIGNALING",0.352184047836222,0.734072085137137,0.0197715654337766,0.610699531940989,1.09526138334706,86,"CARD11,CCL17,PLCG2,CLEC7A,MAP3K14,NFATC2,RELB,NFKB2,CARD9,CCL22,RPS27A,SYK,UBA52,NFATC1,NFKBIA","LumA","High_Q4_vs_Low_Q1","ReactomeImmune","Enriched in High/IC2",FALSE,"CLEC7A DECTIN 1 SIGNALING",15
"REACTOME_SARS_COV_2_ACTIVATES_MODULATES_INNATE_AND_ADAPTIVE_IMMUNE_RESPONSES",0.358543699084783,0.734072085137137,0.019385293820482,0.603175631440404,1.08202823380351,108,"HLA-E,HLA-F,TLR8,B2M,HLA-B,HLA-A,STAT1,NLRP3,IFNAR2,HLA-C,STING1,STAT2,PTPN6,IFIH1,TLR7,HLA-G,TLR1,IRAK2,ISG15,RPS27A,TLR2,IRF7,UBA52,IRF3","LumA","High_Q4_vs_Low_Q1","ReactomeImmune","Enriched in High/IC2",FALSE,"SARS COV 2 ACTIVATES MODULATES INNATE AND ADAPTIVE IMMUNE RESPONSES",24
"REACTOME_INHIBITION_OF_THE_PROTEOLYTIC_ACTIVITY_OF_APC_C_REQUIRED_FOR_THE_ONSET_OF_ANAPHASE_BY_MITOTIC_SPINDLE_CHECKPOINT_COMPONENTS",0.366228070175439,0.735613278886872,0.0539446818693931,-0.417601849006752,-1.0649040708326,21,"CDC23,BUB3,CDC27,UBE2E1,ANAPC1,BUB1B,MAD2L1","LumA","High_Q4_vs_Low_Q1","ReactomeImmune","Enriched in Low/IC1",FALSE,"INHIBITION OF THE PROTEOLYTIC ACTIVITY OF APC C REQUIRED FOR THE ONSET OF ANAPHASE BY MITOTIC SPINDLE CHECKPOINT COMPONENTS",7
"REACTOME_CREB1_PHOSPHORYLATION_THROUGH_NMDA_RECEPTOR_MEDIATED_ACTIVATION_OF_RAS_SIGNALING",0.366141732283465,0.735613278886872,0.0593739823723063,-0.391371815668061,-1.05228814779954,25,"PDPK1,RPS6KA6,DLG3,DLG1","LumA","High_Q4_vs_Low_Q1","ReactomeImmune","Enriched in Low/IC1",FALSE,"CREB1 PHOSPHORYLATION THROUGH NMDA RECEPTOR MEDIATED ACTIVATION OF RAS SIGNALING",4
"REACTOME_SIGNALING_BY_FGFR1_IN_DISEASE",0.381703470031546,0.760144517242309,0.0640052201911665,-0.375819114019201,-1.05126465151785,30,"ERLIN2,BAG4,ZMYM2,CUX1,TRIM24,CPSF6,FGFR1","LumA","High_Q4_vs_Low_Q1","ReactomeImmune","Enriched in Low/IC1",FALSE,"SIGNALING BY FGFR1 IN DISEASE",7
"REACTOME_TNFR1_INDUCED_PROAPOPTOTIC_SIGNALING",0.387985278404369,0.766106524306932,0.0207090505660619,0.654457602533587,1.11925145635676,24,"TNFAIP3,BIRC3,OPTN,TRADD,CYLD,TNFRSF1A,CASP8,IKBKE,TRAF2","LumA","High_Q4_vs_Low_Q1","ReactomeImmune","Enriched in High/IC2",FALSE,"TNFR1 INDUCED PROAPOPTOTIC SIGNALING",9
"REACTOME_SIGNALING_BY_LEPTIN",0.419610142166203,0.811192266131968,0.022781336708526,0.689488209684597,1.10618708859561,11,"SOCS3,LEP,LEPR,JAK2,STAT5A","LumA","High_Q4_vs_Low_Q1","ReactomeImmune","Enriched in High/IC2",FALSE,"SIGNALING BY LEPTIN",5
"REACTOME_FRS_MEDIATED_FGFR1_SIGNALING",0.424744448360945,0.811192266131968,0.0389854791151017,-0.46441550983947,-1.04220574968134,13,"FGF10,FGFR1,PTPN11,GRB2,KRAS,FRS2","LumA","High_Q4_vs_Low_Q1","ReactomeImmune","Enriched in Low/IC1",FALSE,"FRS MEDIATED FGFR1 SIGNALING",6
"REACTOME_CONSTITUTIVE_SIGNALING_BY_OVEREXPRESSED_ERBB2",0.423718150361749,0.811192266131968,0.0365737032588796,-0.482076227373114,-1.03934186331327,11,"PTPN12,HSP90AA1,SHC1,ERBIN,GRB2,KRAS,ERBB2","LumA","High_Q4_vs_Low_Q1","ReactomeImmune","Enriched in Low/IC1",FALSE,"CONSTITUTIVE SIGNALING BY OVEREXPRESSED ERBB2",7
"REACTOME_NEGATIVE_REGULATION_OF_FGFR1_SIGNALING",0.423493975903614,0.811192266131968,0.052485005744846,-0.38277607629155,-1.00800912519779,23,"BRAF,FGF10,ANOS1,FGFR1,PTPN11,PPP2CA","LumA","High_Q4_vs_Low_Q1","ReactomeImmune","Enriched in Low/IC1",FALSE,"NEGATIVE REGULATION OF FGFR1 SIGNALING",6
"REACTOME_MECHANICAL_LOAD_ACTIVATES_SIGNALING_BY_PIEZO1_AND_INTEGRINS_IN_OSTEOCYTES",0.433740008413967,0.817852169877002,0.0425633582370147,-0.427670765403085,-1.01686696551726,16,"GJA1,SPP1,CACNB2,ITGAV","LumA","High_Q4_vs_Low_Q1","ReactomeImmune","Enriched in Low/IC1",FALSE,"MECHANICAL LOAD ACTIVATES SIGNALING BY PIEZO1 AND INTEGRINS IN OSTEOCYTES",4
"REACTOME_DOWNSTREAM_SIGNALING_OF_ACTIVATED_FGFR1",0.435251798561151,0.817852169877002,0.047441195780349,-0.400359652365111,-1.0093104418353,20,"FGF10,FGFR1,FLRT3,PTPN11,SHC1,GAB1,GRB2","LumA","High_Q4_vs_Low_Q1","ReactomeImmune","Enriched in Low/IC1",FALSE,"DOWNSTREAM SIGNALING OF ACTIVATED FGFR1",7
"REACTOME_SIGNALING_BY_FGFR1",0.441524310118265,0.823001314060447,0.0774315909249512,-0.326505457197375,-0.991829989485689,41,"BRAF,FGF10,SPRED2,ANOS1,FGFR1,FLRT3,PTPN11,PPP2CA","LumA","High_Q4_vs_Low_Q1","ReactomeImmune","Enriched in Low/IC1",FALSE,"SIGNALING BY FGFR1",8
"REACTOME_EVASION_BY_RSV_OF_HOST_INTERFERON_RESPONSES",0.455368060650526,0.829886003949789,0.0187311337572276,0.632997565357621,1.07187324936052,21,"IFNAR2,STAT2,IFIH1,RPS27A,UBA52,IRF3,TYK2,RIGI","LumA","High_Q4_vs_Low_Q1","ReactomeImmune","Enriched in High/IC2",FALSE,"EVASION BY RSV OF HOST INTERFERON RESPONSES",8
"REACTOME_TNF_SIGNALING",0.450020868113523,0.829886003949789,0.0165683370223268,0.595565052031164,1.06297052715084,56,"TRAF1,TNFAIP3,BIRC3,OPTN,CFLAR,RPS27A,TRADD,UBA52,CYLD,TNFRSF1A,CASP8,IKBKE,TRAF2","LumA","High_Q4_vs_Low_Q1","ReactomeImmune","Enriched in High/IC2",FALSE,"TNF SIGNALING",13
"REACTOME_EPHB_MEDIATED_FORWARD_SIGNALING",0.455903040796451,0.829886003949789,0.0169105597992894,0.599502381096425,1.06039532563212,41,"FYN,LYN,EPHB6,EPHB2,ARPC2,EPHB1,ARPC1B,ARPC4,ACTB","LumA","High_Q4_vs_Low_Q1","ReactomeImmune","Enriched in High/IC2",FALSE,"EPHB MEDIATED FORWARD SIGNALING",9
"REACTOME_DENGUE_VIRUS_ACTIVATES_MODULATES_INNATE_AND_ADAPTIVE_IMMUNE_RESPONSES",0.461758644378292,0.834029179380946,0.0175505568039713,0.610343063728764,1.05989543850907,30,"C1QA,PML,C1S,STING1,STAT2,IFIH1,CGAS","LumA","High_Q4_vs_Low_Q1","ReactomeImmune","Enriched in High/IC2",FALSE,"DENGUE VIRUS ACTIVATES MODULATES INNATE AND ADAPTIVE IMMUNE RESPONSES",7
"REACTOME_SIGNALING_BY_NOTCH3",0.471051511281396,0.842990395954027,0.0161921658566351,0.593515668819679,1.05398916927509,47,"IKZF1,PTCRA,STAT1,MAML2,RPS27A,NOTCH1,UBA52,KAT2B,EGFR,YBX1","LumA","High_Q4_vs_Low_Q1","ReactomeImmune","Enriched in High/IC2",FALSE,"SIGNALING BY NOTCH3",10
"REACTOME_DECTIN_1_MEDIATED_NONCANONICAL_NF_KB_SIGNALING",0.477573958222882,0.842990395954027,0.0159386474808123,0.590020181403889,1.04928967255606,48,"CCL17,MAP3K14,RELB,NFKB2,CCL22,RPS27A,UBA52","LumA","High_Q4_vs_Low_Q1","ReactomeImmune","Enriched in High/IC2",FALSE,"DECTIN 1 MEDIATED NONCANONICAL NF KB SIGNALING",7
"REACTOME_ESTROGEN_DEPENDENT_NUCLEAR_EVENTS_DOWNSTREAM_OF_ESR_MEMBRANE_SIGNALING",0.476884103863205,0.842990395954027,0.0505748153386382,-0.365446943412401,-0.969798914234461,24,"CCND1,PTK2,UHMK1,XPO1,BCL2","LumA","High_Q4_vs_Low_Q1","ReactomeImmune","Enriched in Low/IC1",FALSE,"ESTROGEN DEPENDENT NUCLEAR EVENTS DOWNSTREAM OF ESR MEMBRANE SIGNALING",5
"REACTOME_GPER1_SIGNALING",0.488473724461925,0.849361028355437,0.0160453131112164,0.590038017838877,1.04006259159871,39,"GNGT2,GNG2,ADCY4,GNG11,ADCY7,GNAI2,PRKAR1B","LumA","High_Q4_vs_Low_Q1","ReactomeImmune","Enriched in High/IC2",FALSE,"GPER1 SIGNALING",7
"REACTOME_DEATH_RECEPTOR_SIGNALING",0.485124712010418,0.849361028355437,0.0148891372988539,0.570601284038594,1.02041790087988,148,"FASLG,TRAF1,FGD2,TNFAIP3,VAV1,BIRC3,CASP10,ARHGEF15,ARHGEF1,FAS,OPTN,CFLAR,RPS27A,NGFR,TRADD,UBA52,CYLD,MYD88","LumA","High_Q4_vs_Low_Q1","ReactomeImmune","Enriched in High/IC2",FALSE,"DEATH RECEPTOR SIGNALING",18
"REACTOME_TGF_BETA_RECEPTOR_SIGNALING_IN_EMT_EPITHELIAL_TO_MESENCHYMAL_TRANSITION",0.498885245901639,0.86103897996357,0.0184146181537193,0.625635950978032,1.03404398213936,16,"TGFBR2,TGFB1,RPS27A,FKBP1A,UBA52,ARHGEF18","LumA","High_Q4_vs_Low_Q1","ReactomeImmune","Enriched in High/IC2",FALSE,"TGF BETA RECEPTOR SIGNALING IN EMT EPITHELIAL TO MESENCHYMAL TRANSITION",6
"REACTOME_NEGATIVE_REGULATION_OF_TCF_DEPENDENT_SIGNALING_BY_WNT_LIGAND_ANTAGONISTS",0.522892597347026,0.895838052807773,0.0189657655462325,0.625532207472344,1.01086813016109,12,"WIF1,SFRP1,SFRP2,DKK2","LumA","High_Q4_vs_Low_Q1","ReactomeImmune","Enriched in High/IC2",FALSE,"NEGATIVE REGULATION OF TCF DEPENDENT SIGNALING BY WNT LIGAND ANTAGONISTS",4
"REACTOME_INLB_MEDIATED_ENTRY_OF_LISTERIA_MONOCYTOGENES_INTO_HOST_CELL",0.541126722138862,0.920310410644927,0.0177935500265906,0.60894395395814,0.995622348537507,14,"SH3KBP1,RPS27A,MET,UBA52","LumA","High_Q4_vs_Low_Q1","ReactomeImmune","Enriched in High/IC2",FALSE,"INLB MEDIATED ENTRY OF LISTERIA MONOCYTOGENES INTO HOST CELL",4
"REACTOME_SIGNALING_BY_MODERATE_KINASE_ACTIVITY_BRAF_MUTANTS",0.596784635304273,0.979231126942926,0.0129698586792964,0.544573377834569,0.963638227305808,42,"APBB1IP,VWF,ARRB2,CSK,RAP1A,JAK2,MAP3K11,ACTB","LumA","High_Q4_vs_Low_Q1","ReactomeImmune","Enriched in High/IC2",FALSE,"SIGNALING BY MODERATE KINASE ACTIVITY BRAF MUTANTS",8
"REACTOME_TURBULENT_OSCILLATORY_DISTURBED_FLOW_SHEAR_STRESS_ACTIVATES_SIGNALING_BY_PIEZO1_AND_INTEGRINS_IN_ENDOTHELIAL_CELLS",0.593427982596748,0.979231126942926,0.0139100093882218,0.550273920677431,0.955581955651912,30,"STAT1,NLRP3","LumA","High_Q4_vs_Low_Q1","ReactomeImmune","Enriched in High/IC2",FALSE,"TURBULENT OSCILLATORY DISTURBED FLOW SHEAR STRESS ACTIVATES SIGNALING BY PIEZO1 AND INTEGRINS IN ENDOTHELIAL CELLS",2
"REACTOME_SIGNALING_BY_NTRK2_TRKB",0.58726923999041,0.979231126942926,0.0147232047434709,0.560602986448337,0.955381209621776,23,"FYN","LumA","High_Q4_vs_Low_Q1","ReactomeImmune","Enriched in High/IC2",FALSE,"SIGNALING BY NTRK2 TRKB",1
"REACTOME_OLFACTORY_SIGNALING_PATHWAY",0.59080370942813,0.979231126942926,0.0156740817381875,0.571621113999374,0.950352808639651,17,"OR2I1,EBF1","LumA","High_Q4_vs_Low_Q1","ReactomeImmune","Enriched in High/IC2",FALSE,"OLFACTORY SIGNALING PATHWAY",2
"REACTOME_DCC_MEDIATED_ATTRACTIVE_SIGNALING",0.595254710397767,0.979231126942926,0.0167314735893782,0.579782729944762,0.944090291029243,13,"FYN","LumA","High_Q4_vs_Low_Q1","ReactomeImmune","Enriched in High/IC2",FALSE,"DCC MEDIATED ATTRACTIVE SIGNALING",1
"REACTOME_SUMOYLATION_OF_IMMUNE_RESPONSE_PROTEINS",0.605191841392098,0.986081811499013,0.0168069374986557,0.576063971377688,0.930926821422665,12,"NFKB2,NFKBIA,SUMO3,IKBKE","LumA","High_Q4_vs_Low_Q1","ReactomeImmune","Enriched in High/IC2",FALSE,"SUMOYLATION OF IMMUNE RESPONSE PROTEINS",4
"REACTOME_CLASS_I_MHC_MEDIATED_ANTIGEN_PROCESSING_PRESENTATION",0.634536546345365,1,0.0109489997883362,0.546788875503176,0.973521410729214,352,"ASB2,HLA-E,NCF4,PSMB9,NCF1,BTK,SOCS1,HLA-F,LY96,TAP2,B2M,TAP1,HLA-B,CTSS,HLA-A,KBTBD8,PSMB10,CYBB,MRC1,TLR4,NCF2,TRIM69,PSMB8,CYBA,TRIM21,HLA-C,UBE2L6,CD14,PSME2,SOCS3,FBXO10,HERC5,FCGR1A,RNF19B,HERC6,HLA-G,CTSL,TLR1,RNF130,RPS27A,CD36,FBXO31,TLR6,UBA7,TLR2,TAPBP,UBA52,PSME1","LumA","High_Q4_vs_Low_Q1","ReactomeImmune","Enriched in High/IC2",FALSE,"CLASS I MHC MEDIATED ANTIGEN PROCESSING PRESENTATION",48
"REACTOME_SIGNALING_BY_NOTCH",0.677867786778678,1,0.00994853359063342,0.531726249531153,0.949568086192748,193,"GZMB,IKZF1,MFNG,FCER2,PTCRA,STAT1,ARRB2,DTX1,TLE4,MAML2,RPS27A,NOTCH1,FLT4,UBA52,DTX2,KAT2B,EGFR,YBX1,NOTCH4,ST3GAL6","LumA","High_Q4_vs_Low_Q1","ReactomeImmune","Enriched in High/IC2",FALSE,"SIGNALING BY NOTCH",20
"REACTOME_NR1H2_AND_NR1H3_MEDIATED_SIGNALING",0.644386479730464,1,0.0119562545715385,0.520096207448701,0.918787060715793,40,"APOC1,APOE,PLTP,CETP,ARL4C,PLIN1,NR1H3","LumA","High_Q4_vs_Low_Q1","ReactomeImmune","Enriched in High/IC2",FALSE,"NR1H2 AND NR1H3 MEDIATED SIGNALING",7
"REACTOME_GLUCAGON_SIGNALING_IN_METABOLIC_REGULATION",0.640507518796993,1,0.0131784289948696,0.529626623966054,0.909722367754292,26,"GNG2,ADCY4,GNG11,ADCY7,PRKAR1B,GNB4,ADCY5","LumA","High_Q4_vs_Low_Q1","ReactomeImmune","Enriched in High/IC2",FALSE,"GLUCAGON SIGNALING IN METABOLIC REGULATION",7
"REACTOME_SIGNALING_BY_PDGFRA_TRANSMEMBRANE_JUXTAMEMBRANE_AND_KINASE_DOMAIN_MUTANTS",0.630367873369486,1,0.0166089291355437,0.565166762653688,0.906730770692765,11,"STAT1","LumA","High_Q4_vs_Low_Q1","ReactomeImmune","Enriched in High/IC2",FALSE,"SIGNALING BY PDGFRA TRANSMEMBRANE JUXTAMEMBRANE AND KINASE DOMAIN MUTANTS",1
"REACTOME_DAG_AND_IP3_SIGNALING",0.663950671658225,1,0.0117077374500031,0.511974869944554,0.900466827589278,37,"CAMK4,ADCY4,PDE1B,PDE1A,PRKCA,ADCY7,PRKAR1B,PRKX,GRK2","LumA","High_Q4_vs_Low_Q1","ReactomeImmune","Enriched in High/IC2",FALSE,"DAG AND IP3 SIGNALING",9
"REACTOME_NCAM_SIGNALING_FOR_NEURITE_OUT_GROWTH",0.683956320873582,1,0.0105555883693136,0.503878893444726,0.897721875493227,52,"FYN,COL4A4,ST8SIA4,COL6A6,GFRA2","LumA","High_Q4_vs_Low_Q1","ReactomeImmune","Enriched in High/IC2",FALSE,"NCAM SIGNALING FOR NEURITE OUT GROWTH",5
"REACTOME_SIGNALING_BY_WNT",0.856414358564144,1,0.00590731179882457,0.494618178385227,0.881191295102203,269,"PRKCB,RUNX3,GNGT2,WNT10A,PDE6G,RAC2,PLCB2,WNT10B,GNG2,TCF7,ARRB2,SOX17,GNG11,CAV1,SOX7,TLE4,RSPO3,RPS27A,WIF1,PRKCA","LumA","High_Q4_vs_Low_Q1","ReactomeImmune","Enriched in High/IC2",FALSE,"SIGNALING BY WNT",20
"REACTOME_SIGNALING_BY_EGFR",0.7132507349853,1,0.00991439088214701,0.489489416278061,0.872085262018282,52,"PAG1,SH3KBP1,CSK,SPRY1,HBEGF,RPS27A,SPRY2,UBA52,EGFR","LumA","High_Q4_vs_Low_Q1","ReactomeImmune","Enriched in High/IC2",FALSE,"SIGNALING BY EGFR",9
"REACTOME_SIGNALING_BY_NOTCH1_PEST_DOMAIN_MUTANTS_IN_CANCER",0.724373576309795,1,0.079670326613859,-0.268831791295055,-0.86721208542274,55,"NCOR1,APH1B,NCSTN,MIB1,MAML3,CREBBP,HDAC6,ADAM10,PSEN1,EP300,NEURL1,KAT2A,HDAC8,CUL1,SNW1,HEY2,ADAM17,TBL1XR1,HDAC5,HDAC11,MAML1,SKP1","LumA","High_Q4_vs_Low_Q1","ReactomeImmune","Enriched in Low/IC1",FALSE,"SIGNALING BY NOTCH1 PEST DOMAIN MUTANTS IN CANCER",22
"REACTOME_SIGNALING_BY_NTRKS",0.805235182027881,1,0.00714989938947703,0.482370092335223,0.864596546926525,126,"FYN,LYL1,EGR2,ID1,MEF2C,SGK1,ID3,RAPGEF1,PTPRO,ADCYAP1R1,EGR3,FOSB,DNM3,MAPK11,EGR1,JUNB,RAP1A,RRAD,PCSK5,ID4,RPS6KA3,NTRK1,DUSP7,RALGDS,FOS,SRF,BAX","LumA","High_Q4_vs_Low_Q1","ReactomeImmune","Enriched in High/IC2",FALSE,"SIGNALING BY NTRKS",27
"REACTOME_IL_6_TYPE_CYTOKINE_RECEPTOR_LIGAND_INTERACTIONS",0.678886807599679,1,0.0142167762845121,0.525619411331762,0.864308291125189,15,"IL11RA,JAK2,TYK2,OSM,LIF,LIFR","LumA","High_Q4_vs_Low_Q1","ReactomeImmune","Enriched in High/IC2",FALSE,"IL 6 TYPE CYTOKINE RECEPTOR LIGAND INTERACTIONS",6
"REACTOME_INTERLEUKIN_1_SIGNALING",0.788990825688073,1,0.00760566625042403,0.476432558615842,0.855306800846591,98,"NLRC5,IL1R2,SAA1,S100B,NFKB2,IRAK2,RPS27A,UBA52,AGER,NFKBIB,MYD88,NFKBIA,MAP3K3,USP18,CASP8,TRAF2,IL1B,IKBIP","LumA","High_Q4_vs_Low_Q1","ReactomeImmune","Enriched in High/IC2",FALSE,"INTERLEUKIN 1 SIGNALING",18
"REACTOME_SIGNALING_BY_MET",0.805882352941176,1,0.122637391177921,-0.247803488708891,-0.848875308766525,78,"COL2A1,PTK2,LAMA3,DOCK7,COL24A1,COL11A1,LRIG1,FN1,PTPN11,SH3GL2,STAM2,ITGA2,SHC1,USP8,CRKL,HGS,GAB1,LAMC2,HPN,CRK,ITGA3,SRC,GRB2,MUC20,RANBP9","LumA","High_Q4_vs_Low_Q1","ReactomeImmune","Enriched in Low/IC1",FALSE,"SIGNALING BY MET",25
"REACTOME_SIGNALING_BY_ERBB2",0.734976724502751,1,0.00956566522127994,0.476803803960254,0.848457319051736,49,"FYN,MATK,HBEGF,RPS27A,PRKCA,UBA52,EGFR","LumA","High_Q4_vs_Low_Q1","ReactomeImmune","Enriched in High/IC2",FALSE,"SIGNALING BY ERBB2",7
"REACTOME_EXTRA_NUCLEAR_ESTROGEN_SIGNALING",0.771115211152112,1,0.00828005523556047,0.471134809347304,0.843821534174439,69,"GNGT2,GNG2,GNG11,CAV1,HBEGF,CAV2,NOS3,GNAI2,MMP3,EGFR,FOS,SRF,MMP7,GNB4,MMP2,SPHK1","LumA","High_Q4_vs_Low_Q1","ReactomeImmune","Enriched in High/IC2",FALSE,"EXTRA NUCLEAR ESTROGEN SIGNALING",16
"REACTOME_SIGNALING_BY_NODAL",0.681962025316456,1,0.0316150962454774,-0.358527323681089,-0.839450577402951,15,"ACVR2B,SMAD2,SMAD4,ACVR1B","LumA","High_Q4_vs_Low_Q1","ReactomeImmune","Enriched in Low/IC1",FALSE,"SIGNALING BY NODAL",4
"REACTOME_SIGNALING_BY_EGFR_IN_CANCER",0.725053078556263,1,0.0114236685299039,0.482046177790265,0.82699685259128,25,"HBEGF,RPS27A,UBA52,EGFR,CDC37,PLCG1,EREG,HRAS","LumA","High_Q4_vs_Low_Q1","ReactomeImmune","Enriched in High/IC2",FALSE,"SIGNALING BY EGFR IN CANCER",8
"REACTOME_SIGNALING_BY_HIPPO",0.714006832601269,1,0.0348573052682053,-0.331973620946338,-0.822337426531391,19,"YWHAE,WWC1,MOB1B,AMOT,STK3,DVL2,TJP1,LATS1","LumA","High_Q4_vs_Low_Q1","ReactomeImmune","Enriched in Low/IC1",FALSE,"SIGNALING BY HIPPO",8
"REACTOME_PROLACTIN_RECEPTOR_SIGNALING",0.710915382195659,1,0.0267027529799805,-0.379548531783841,-0.818295231838335,11,"BTRC,PRLR,PTPN11","LumA","High_Q4_vs_Low_Q1","ReactomeImmune","Enriched in Low/IC1",FALSE,"PROLACTIN RECEPTOR SIGNALING",3
"REACTOME_SIGNALING_BY_PDGF",0.773561169933955,1,0.00859995114271887,0.457692270703054,0.816120716475666,53,"STAT1,COL4A4,THBS4,RAPGEF1,COL6A6,STAT5A,NCK1,PDGFRA","LumA","High_Q4_vs_Low_Q1","ReactomeImmune","Enriched in High/IC2",FALSE,"SIGNALING BY PDGF",8
"REACTOME_EPH_EPHRIN_SIGNALING",0.826884116693679,1,0.00684580993854876,0.452683504834836,0.812173636059071,88,"FYN,LYN,EPHB6,EPHB2,ARPC2,EPHB1,ARPC1B,ARPC4,EPHA4,ACTB,PAK3,MYL6,MMP2,MYL9,EFNB2,LIMK1,ACTR3,AP2S1,CFL1,CLTB,SDCBP,NCK2,HRAS,CLTA,EPHA2,CLTCL1,MYH11,MYL12A","LumA","High_Q4_vs_Low_Q1","ReactomeImmune","Enriched in High/IC2",FALSE,"EPH EPHRIN SIGNALING",28
"REACTOME_SIGNALING_BY_FLT3_ITD_AND_TKD_MUTANTS",0.736393442622951,1,0.0127509473168198,0.48726264171336,0.805342150810512,16,"PIM1,STAT5A","LumA","High_Q4_vs_Low_Q1","ReactomeImmune","Enriched in High/IC2",FALSE,"SIGNALING BY FLT3 ITD AND TKD MUTANTS",2
"REACTOME_SIGNALING_BY_LTK",0.724807953004971,1,0.0149818440064043,0.50612751806914,0.803717427310378,10,"ALKAL2,LTK","LumA","High_Q4_vs_Low_Q1","ReactomeImmune","Enriched in High/IC2",FALSE,"SIGNALING BY LTK",2
"REACTOME_ALPHA_PROTEIN_KINASE_1_SIGNALING_PATHWAY",0.729151399677561,1,0.0145010752130249,0.499840518731359,0.801923978410728,11,"RPS27A,UBA52","LumA","High_Q4_vs_Low_Q1","ReactomeImmune","Enriched in High/IC2",FALSE,"ALPHA PROTEIN KINASE 1 SIGNALING PATHWAY",2
"REACTOME_DOWNREGULATION_OF_TGF_BETA_RECEPTOR_SIGNALING",0.760925751879699,1,0.0106417106428041,0.460789005303923,0.79148223667679,26,"TGFBR2,TGFB1,PPP1R15A,RPS27A,UBA52","LumA","High_Q4_vs_Low_Q1","ReactomeImmune","Enriched in High/IC2",FALSE,"DOWNREGULATION OF TGF BETA RECEPTOR SIGNALING",5
"REACTOME_SIGNALING_BY_PTK6",0.803338933221336,1,0.00799563025254039,0.440677237067317,0.785120394789155,52,"ELMO1,SOCS3,EPAS1,HBEGF,GPNMB,RPS27A,UBA52,EGFR,LRRK2,NR3C1,PXN,NRG2,KHDRBS3,ARAP1,EREG,HRAS","LumA","High_Q4_vs_Low_Q1","ReactomeImmune","Enriched in High/IC2",FALSE,"SIGNALING BY PTK6",16
"REACTOME_TGF_BETA_RECEPTOR_SIGNALING_ACTIVATES_SMADS",0.81311196253725,1,0.00802008935687322,0.43098470162188,0.765360093249244,47,"TGFBR2,TGFB1,LTBP4,PPP1R15A,RPS27A,FKBP1A,UBA52","LumA","High_Q4_vs_Low_Q1","ReactomeImmune","Enriched in High/IC2",FALSE,"TGF BETA RECEPTOR SIGNALING ACTIVATES SMADS",7
"REACTOME_SIGNALING_BY_BMP",0.794501397949674,1,0.00985301737704124,0.438931190675393,0.756536885504474,27,"ACVRL1,CHRDL1,SMAD9,BMP2","LumA","High_Q4_vs_Low_Q1","ReactomeImmune","Enriched in High/IC2",FALSE,"SIGNALING BY BMP",4
"REACTOME_LISTERIA_MONOCYTOGENES_ENTRY_INTO_HOST_CELLS",0.781466113416321,1,0.0112603240687587,0.446317692816626,0.749021824109529,19,"SH3KBP1,RPS27A,MET,UBA52","LumA","High_Q4_vs_Low_Q1","ReactomeImmune","Enriched in High/IC2",FALSE,"LISTERIA MONOCYTOGENES ENTRY INTO HOST CELLS",4
"REACTOME_HEME_SIGNALING",0.828516377649326,1,0.00779753818197389,0.419677874555289,0.74444452645821,45,"LY96,TLR4,MEF2C,HBA2,HMOX1,HBB","LumA","High_Q4_vs_Low_Q1","ReactomeImmune","Enriched in High/IC2",FALSE,"HEME SIGNALING",6
"REACTOME_SIGNALING_BY_RETINOIC_ACID",0.81549856290073,1,0.00860439666129689,0.422708621571725,0.742833634195851,36,"ALDH1A1,FABP5,ALDH1A2,PDK4,RDH5,DHRS3,PPARD,ADH1C","LumA","High_Q4_vs_Low_Q1","ReactomeImmune","Enriched in High/IC2",FALSE,"SIGNALING BY RETINOIC ACID",8
"REACTOME_DOWNREGULATION_OF_ERBB2_SIGNALING",0.810741984025929,1,0.00943733748654792,0.429411558259043,0.741884439668456,28,"MATK,HBEGF,RPS27A,UBA52,EGFR,CDC37,NRG2","LumA","High_Q4_vs_Low_Q1","ReactomeImmune","Enriched in High/IC2",FALSE,"DOWNREGULATION OF ERBB2 SIGNALING",7
"REACTOME_NUCLEAR_SIGNALING_BY_ERBB4",0.812362541960875,1,0.00940587270909402,0.427773395326201,0.739054223373291,28,"APOE,S100B,HBEGF,CXCL12,STAT5A,MXD4","LumA","High_Q4_vs_Low_Q1","ReactomeImmune","Enriched in High/IC2",FALSE,"NUCLEAR SIGNALING BY ERBB4",6
"REACTOME_SHC1_EVENTS_IN_EGFR_SIGNALING",0.788296276087846,1,0.0123314809544251,0.450153010768257,0.735999421406737,14,"HBEGF,EGFR,EREG,HRAS","LumA","High_Q4_vs_Low_Q1","ReactomeImmune","Enriched in High/IC2",FALSE,"SHC1 EVENTS IN EGFR SIGNALING",4
"REACTOME_SIGNALING_BY_ROBO_RECEPTORS",0.965896589658966,1,0.0027188070219308,0.409417864858062,0.731182516450832,194,"CXCR4,MYO9B,SLIT2,RPS27A,ROBO3,PRKCA,RPS19,RPS29,RPL13,RPL18A,RPL35,UBA52,CXCL12,RPL21,RPS28,RPLP2,RPS9,RPS11,RPS12,NCK1,RPL28,FAU,RPL13A,RPS7,RPL18,RPS16,RPL36,RPL27A,RPS27,RPS20,RPL10,PAK3,RPL36AL,RPL11,RPL34,PFN1,RPL9,RPL37,SLIT3,RPS15,ROBO1,RPL35A,RPL37A,RPS21,RPS26,RPL32,RPL39,RPS14,RPL41,RPL6,RPSA,RPL22L1,RPL31,VASP,RPL10A,NRP1,RPS25,RPS5,RPS6,NCK2,RPS8,RPS15A,RPL7A,RPS3,RPL12,LHX2,RPL27,PSMC3,RPL38,PSMC5","LumA","High_Q4_vs_Low_Q1","ReactomeImmune","Enriched in High/IC2",FALSE,"SIGNALING BY ROBO RECEPTORS",70
"REACTOME_GRB2_EVENTS_IN_ERBB2_SIGNALING",0.807867273213808,1,0.0116881868355443,0.434564537630087,0.714581168056591,15,"HBEGF,EGFR,NRG2,EREG,HRAS","LumA","High_Q4_vs_Low_Q1","ReactomeImmune","Enriched in High/IC2",FALSE,"GRB2 EVENTS IN ERBB2 SIGNALING",5
"REACTOME_DOWNSTREAM_SIGNALING_OF_ACTIVATED_FGFR3",0.865819209039548,1,0.0303969601030789,-0.286566858310178,-0.699157186539382,18,"PTPN11,SHC1,GAB1,FGFR3,GRB2,KRAS,FRS2","LumA","High_Q4_vs_Low_Q1","ReactomeImmune","Enriched in Low/IC1",FALSE,"DOWNSTREAM SIGNALING OF ACTIVATED FGFR3",7
"REACTOME_CONSTITUTIVE_SIGNALING_BY_LIGAND_RESPONSIVE_EGFR_CANCER_VARIANTS",0.826857789513391,1,0.010411890159306,0.413737812200692,0.694345431035765,19,"RPS27A,UBA52,EGFR,CDC37,PLCG1,HRAS","LumA","High_Q4_vs_Low_Q1","ReactomeImmune","Enriched in High/IC2",FALSE,"CONSTITUTIVE SIGNALING BY LIGAND RESPONSIVE EGFR CANCER VARIANTS",6
"REACTOME_SIGNALING_BY_BRAF_AND_RAF1_FUSIONS",0.891802601693165,1,0.00573083070293744,0.386895602237167,0.692341973300855,62,"APBB1IP,VWF,ARRB2,CSK,RAP1A,JAK2,QKI,ACTB","LumA","High_Q4_vs_Low_Q1","ReactomeImmune","Enriched in High/IC2",FALSE,"SIGNALING BY BRAF AND RAF1 FUSIONS",8
"REACTOME_FLT3_SIGNALING_IN_DISEASE",0.852516309412861,1,0.00873559823504071,0.397327326923866,0.684828931783751,27,"PIM1,RPS27A,UBA52,STAT5A","LumA","High_Q4_vs_Low_Q1","ReactomeImmune","Enriched in High/IC2",FALSE,"FLT3 SIGNALING IN DISEASE",4
"REACTOME_SEMA4D_IN_SEMAPHORIN_SIGNALING",0.857889113142586,1,0.00894048794908399,0.39036466948639,0.667600503289203,24,"SEMA4D,MET,RRAS,MYL6,MYL9,LIMK1","LumA","High_Q4_vs_Low_Q1","ReactomeImmune","Enriched in High/IC2",FALSE,"SEMA4D IN SEMAPHORIN SIGNALING",6
"REACTOME_ONCOGENIC_MAPK_SIGNALING",0.928723945094052,1,0.00444482445438982,0.367942915532664,0.659684701319408,79,"APBB1IP,VWF,ARRB2,CSK,MRAS,RAP1A,JAK2,MAP3K11,QKI,ACTB,DUSP7","LumA","High_Q4_vs_Low_Q1","ReactomeImmune","Enriched in High/IC2",FALSE,"ONCOGENIC MAPK SIGNALING",11
"REACTOME_SIGNALING_BY_NOTCH1_HD_DOMAIN_MUTANTS_IN_CANCER",0.856837035054857,1,0.0108124769074875,0.39675916232116,0.652415466744657,15,"RPS27A,NOTCH1,UBA52,DLL1,DLL4,JAG2","LumA","High_Q4_vs_Low_Q1","ReactomeImmune","Enriched in High/IC2",FALSE,"SIGNALING BY NOTCH1 HD DOMAIN MUTANTS IN CANCER",6
"REACTOME_DOWNSTREAM_SIGNALING_OF_ACTIVATED_FGFR2",0.925488180883864,1,0.0307874726068993,-0.256661371593643,-0.647045727097872,20,"FGF10,PTPN11,SHC1,GAB1,GRB2,FGFR2,KRAS,FRS2","LumA","High_Q4_vs_Low_Q1","ReactomeImmune","Enriched in Low/IC1",FALSE,"DOWNSTREAM SIGNALING OF ACTIVATED FGFR2",8
"REACTOME_SIGNALING_BY_ERBB4",0.907638595006348,1,0.00587364644944421,0.359753235266684,0.640169526709573,49,"APOE,S100B,HBEGF,RPS27A,UBA52,CXCL12,STAT5A,MXD4,EGFR,GABRQ","LumA","High_Q4_vs_Low_Q1","ReactomeImmune","Enriched in High/IC2",FALSE,"SIGNALING BY ERBB4",10
"REACTOME_SIGNALING_BY_ERBB2_ECD_MUTANTS",0.92175010517459,1,0.0272406562115209,-0.265680527124545,-0.631704977915738,16,"HSP90AA1,SHC1,ERBIN,GAB1,GRB2,KRAS,ERBB2","LumA","High_Q4_vs_Low_Q1","ReactomeImmune","Enriched in Low/IC1",FALSE,"SIGNALING BY ERBB2 ECD MUTANTS",7
"REACTOME_SIGNALING_BY_TGF_BETA_RECEPTOR_COMPLEX",0.952121212121212,1,0.00356324270555445,0.350899955108006,0.630023696367618,93,"STAT1,TGFBR2,TGFB1,LTBP4,PPP1R15A,RPS27A,JUNB,FKBP1A,UBA52,E2F4,YBX1,SERPINE1,ARHGEF18","LumA","High_Q4_vs_Low_Q1","ReactomeImmune","Enriched in High/IC2",FALSE,"SIGNALING BY TGF BETA RECEPTOR COMPLEX",13
"REACTOME_SIGNALING_BY_ERBB2_IN_CANCER",0.95997375328084,1,0.0348573052682053,-0.231017958050674,-0.621141966420387,25,"PTPN12,ERBB3,ERBB4,HSP90AA1,SHC1,ERBIN,GAB1,GRB2","LumA","High_Q4_vs_Low_Q1","ReactomeImmune","Enriched in Low/IC1",FALSE,"SIGNALING BY ERBB2 IN CANCER",8
"REACTOME_SIGNALING_BY_TGFB_FAMILY_MEMBERS",0.982468443197756,1,0.00202911905823958,0.347386046638347,0.621099642914668,147,"STAT1,ACVRL1,ARRB2,CHRDL1,TGFBR2,TGFB1,LTBP4,SMAD9,BMP2,PPP1R15A,RPS27A,ACVR1C,JUNB,FKBP1A,UBA52,E2F4,YBX1,TCF4,DRAP1,SERPINE1,ARHGEF18,TCF3","LumA","High_Q4_vs_Low_Q1","ReactomeImmune","Enriched in High/IC2",FALSE,"SIGNALING BY TGFB FAMILY MEMBERS",22
"REACTOME_SIGNALING_BY_CYTOSOLIC_FGFR1_FUSION_MUTANTS",0.891469916222391,1,0.00939464024051937,0.364028968032144,0.608971505334407,18,"STAT1","LumA","High_Q4_vs_Low_Q1","ReactomeImmune","Enriched in High/IC2",FALSE,"SIGNALING BY CYTOSOLIC FGFR1 FUSION MUTANTS",1
"REACTOME_SIGNALING_BY_FGFR2_IIIA_TM",0.954123962908736,1,0.0292708849531796,-0.243902979466268,-0.60417616281039,19,"POLR2A,POLR2B,NCBP1,FGFR2,NCBP2","LumA","High_Q4_vs_Low_Q1","ReactomeImmune","Enriched in Low/IC1",FALSE,"SIGNALING BY FGFR2 IIIA TM",5
"REACTOME_G1_S_DNA_DAMAGE_CHECKPOINTS",1,1,0.0846140864395758,-0.181210097353611,-0.601321697504725,66,"BTRC,FBXW11,NEK11,GSK3B,PSMC6,MDM2,PSMD6,CDK2,CSNK1A1,PHF20,TP53,PSMD14,CCNE2,CUL1,PSMC1,SKP1,CHEK1,PSMD1,CDKN1A,MDM4,PSMC2","LumA","High_Q4_vs_Low_Q1","ReactomeImmune","Enriched in Low/IC1",FALSE,"G1 S DNA DAMAGE CHECKPOINTS",21
"REACTOME_MET_ACTIVATES_RAS_SIGNALING",0.88274952366994,1,0.0117248600051985,0.372752424250541,0.59802896286984,11,"MET,HGF","LumA","High_Q4_vs_Low_Q1","ReactomeImmune","Enriched in High/IC2",FALSE,"MET ACTIVATES RAS SIGNALING",2
"REACTOME_FRS_MEDIATED_FGFR4_SIGNALING",0.898649570317828,1,0.0103841633442862,0.364398215161756,0.595790473694666,14,"KLB,FGF18,FGF2,HRAS,FGFR4","LumA","High_Q4_vs_Low_Q1","ReactomeImmune","Enriched in High/IC2",FALSE,"FRS MEDIATED FGFR4 SIGNALING",5
"REACTOME_SIGNALING_BY_FLT3_FUSION_PROTEINS",0.902929712058343,1,0.00904088389492347,0.354664768170634,0.595207530147584,19,"PIM1,STAT5A","LumA","High_Q4_vs_Low_Q1","ReactomeImmune","Enriched in High/IC2",FALSE,"SIGNALING BY FLT3 FUSION PROTEINS",2
"REACTOME_NEGATIVE_REGULATION_OF_FGFR4_SIGNALING",0.906856868856389,1,0.00818676283777916,0.34838122132516,0.593712271759037,23,"RPS27A,KLB,SPRY2,UBA52,FGF18,FGF2,FGFR4,MKNK1","LumA","High_Q4_vs_Low_Q1","ReactomeImmune","Enriched in High/IC2",FALSE,"NEGATIVE REGULATION OF FGFR4 SIGNALING",8
"REACTOME_SHC1_EVENTS_IN_ERBB4_SIGNALING",0.895882763433357,1,0.0107772932198272,0.363916063654338,0.592583401851887,13,"HBEGF,NRG2,EREG,HRAS","LumA","High_Q4_vs_Low_Q1","ReactomeImmune","Enriched in High/IC2",FALSE,"SHC1 EVENTS IN ERBB4 SIGNALING",4
"REACTOME_SIGNALING_BY_FGFR2_IN_DISEASE",0.988277727682597,1,0.0411314894003624,-0.203074603240507,-0.587858548470043,33,"FGF10,POLR2A,POLR2B,NCBP1,GAB1,GRB2,FGFR2,NCBP2,KRAS,FRS2","LumA","High_Q4_vs_Low_Q1","ReactomeImmune","Enriched in Low/IC1",FALSE,"SIGNALING BY FGFR2 IN DISEASE",10
"REACTOME_FRS_MEDIATED_FGFR3_SIGNALING",0.950652097285865,1,0.0237434513601957,-0.25786985160942,-0.578691788544506,13,"PTPN11,FGFR3,GRB2,KRAS,FRS2","LumA","High_Q4_vs_Low_Q1","ReactomeImmune","Enriched in Low/IC1",FALSE,"FRS MEDIATED FGFR3 SIGNALING",5
"REACTOME_SIGNALING_BY_NTRK3_TRKC",0.91112828438949,1,0.00928021127051944,0.347429379742888,0.577621222792948,17,"PTPRO,BAX,NELFB,PLCG1,HRAS","LumA","High_Q4_vs_Low_Q1","ReactomeImmune","Enriched in High/IC2",FALSE,"SIGNALING BY NTRK3 TRKC",5
"REACTOME_ERBB2_ACTIVATES_PTK6_SIGNALING",0.899443731279418,1,0.0110436119317089,0.356950860871854,0.576837203550184,12,"HBEGF,EGFR,NRG2,EREG","LumA","High_Q4_vs_Low_Q1","ReactomeImmune","Enriched in High/IC2",FALSE,"ERBB2 ACTIVATES PTK6 SIGNALING",4
"REACTOME_DOWNREGULATION_OF_ERBB2_ERBB3_SIGNALING",0.907187718073971,1,0.010588142127332,0.352075465140694,0.573302741150297,13,"RPS27A,UBA52,NRG2","LumA","High_Q4_vs_Low_Q1","ReactomeImmune","Enriched in High/IC2",FALSE,"DOWNREGULATION OF ERBB2 ERBB3 SIGNALING",3
"REACTOME_SIGNALING_BY_NUCLEAR_RECEPTORS",0.999000099990001,1,0.000456425677887224,0.321392258697006,0.572400849491224,247,"GNGT2,GNG2,APOC1,APOE,ALDH1A1,PLTP,CETP,GNG11,ARL4C,CAV1,FABP5,PLIN1,HBEGF,CAV2,NR1H3,NOS3,ALDH1A2,PDK4,FOSB,RDH5,GNAI2,CXCL12,DHRS3,MMP3,PPARD,KAT2B,EGFR,GPAM,ADH1C,FOS,SRF,MMP7,PCK1,GNB4,NR1H2,NR5A2,MMP2,SPHK1,EEPD1,JUN","LumA","High_Q4_vs_Low_Q1","ReactomeImmune","Enriched in High/IC2",FALSE,"SIGNALING BY NUCLEAR RECEPTORS",40
"REACTOME_PKR_MEDIATED_SIGNALING",0.966697313310859,1,0.00343994796248555,0.310420282689412,0.55651847947267,72,"STAT1,UBE2L6,HERC5,ISG15,TUBB6,NCK1,SNCA","LumA","High_Q4_vs_Low_Q1","ReactomeImmune","Enriched in High/IC2",FALSE,"PKR MEDIATED SIGNALING",7
"REACTOME_SIGNALING_BY_TGFBR3",0.945893301590737,1,0.00547748018584588,0.313377113022145,0.554299092525743,41,"ARRB2,TGFBR2,TGFB1","LumA","High_Q4_vs_Low_Q1","ReactomeImmune","Enriched in High/IC2",FALSE,"SIGNALING BY TGFBR3",3
"REACTOME_SPRY_REGULATION_OF_FGF_SIGNALING",0.931016393442623,1,0.00922420809185508,0.331913668214452,0.548583134761396,16,"RPS27A,SPRY2,UBA52","LumA","High_Q4_vs_Low_Q1","ReactomeImmune","Enriched in High/IC2",FALSE,"SPRY REGULATION OF FGF SIGNALING",3
"REACTOME_FRS_MEDIATED_FGFR2_SIGNALING",0.973101265822785,1,0.0252612440670251,-0.231932855462415,-0.543044160310143,15,"FGF10,PTPN11,GRB2,FGFR2,KRAS,FRS2","LumA","High_Q4_vs_Low_Q1","ReactomeImmune","Enriched in Low/IC1",FALSE,"FRS MEDIATED FGFR2 SIGNALING",6
"REACTOME_PI3K_EVENTS_IN_ERBB2_SIGNALING",0.937516724645438,1,0.00943059329655084,0.325921748802963,0.535933155578648,15,"HBEGF,EGFR,NRG2,EREG","LumA","High_Q4_vs_Low_Q1","ReactomeImmune","Enriched in High/IC2",FALSE,"PI3K EVENTS IN ERBB2 SIGNALING",4
"REACTOME_SIGNALING_BY_NOTCH1",0.973727254140258,1,0.00322512138214432,0.298664091958434,0.535306179235869,71,"ARRB2,DTX1,TLE4,MAML2,RPS27A,NOTCH1,UBA52,DTX2,KAT2B,DLL1,DLK1,HDAC9,DLL4,TLE2","LumA","High_Q4_vs_Low_Q1","ReactomeImmune","Enriched in High/IC2",FALSE,"SIGNALING BY NOTCH1",14
"REACTOME_SIGNALING_BY_FGFR4",0.953446530979422,1,0.00611239617364662,0.304428534818245,0.531813732356794,33,"RPS27A,KLB,SPRY2,UBA52,FGF18,PLCG1,FGF2,HRAS,FGFR4,MKNK1","LumA","High_Q4_vs_Low_Q1","ReactomeImmune","Enriched in High/IC2",FALSE,"SIGNALING BY FGFR4",10
"REACTOME_SIGNALING_BY_TYPE_1_INSULIN_LIKE_GROWTH_FACTOR_1_RECEPTOR_IGF1R",0.96165191740413,1,0.00532469732733829,0.296685354815023,0.522968570988855,39,"PDE3B,IGF1,KLB,FGF7,CILP","LumA","High_Q4_vs_Low_Q1","ReactomeImmune","Enriched in High/IC2",FALSE,"SIGNALING BY TYPE 1 INSULIN LIKE GROWTH FACTOR 1 RECEPTOR IGF1R",5
"REACTOME_MAPK6_MAPK4_SIGNALING",0.979687659487598,1,0.00295622267602594,0.28676924651349,0.514357923785676,73,"FOXO1,CDC42EP5,RPS27A,CCND3,UBA52,PAK3,MMP2,JUN,MOV10,CDC42EP3,PSMC3,PSMC5,MAPK4,PSMB2,PSMB1,PSMB7","LumA","High_Q4_vs_Low_Q1","ReactomeImmune","Enriched in High/IC2",FALSE,"MAPK6 MAPK4 SIGNALING",16
"REACTOME_TCF_DEPENDENT_SIGNALING_IN_RESPONSE_TO_WNT",0.998299319727891,1,0.000677395630460291,0.286565460009535,0.511829295412574,181,"RUNX3,TCF7,SOX17,CAV1,SOX7,TLE4,RSPO3,RPS27A,WIF1,SFRP1,UBA52,PIP5K1B","LumA","High_Q4_vs_Low_Q1","ReactomeImmune","Enriched in High/IC2",FALSE,"TCF DEPENDENT SIGNALING IN RESPONSE TO WNT",12
"REACTOME_SHC1_EVENTS_IN_ERBB2_SIGNALING",0.962215700660308,1,0.00750950493029235,0.293227461074074,0.496530616710404,21,"HBEGF,PRKCA,EGFR,NRG2,EREG,HRAS","LumA","High_Q4_vs_Low_Q1","ReactomeImmune","Enriched in High/IC2",FALSE,"SHC1 EVENTS IN ERBB2 SIGNALING",6
"REACTOME_NEGATIVE_REGULATION_OF_NOTCH4_SIGNALING",0.980411150575826,1,0.004514635342737,0.273631305313817,0.484247964503466,43,"RPS27A,UBA52,NOTCH4,PSMC3,PSMC5,TACC3,PSMB2,FBXW7,PSMB1,PSMB7,PSMB3,PSMA5,PSMD13,PSMA4,PSMA7,PSMB4,RBX1","LumA","High_Q4_vs_Low_Q1","ReactomeImmune","Enriched in High/IC2",FALSE,"NEGATIVE REGULATION OF NOTCH4 SIGNALING",17
"REACTOME_SIGNALING_BY_FGFR4_IN_DISEASE",0.988361119849009,1,0.0213169736652703,-0.224156318762366,-0.483274288975888,11,"GAB1,GRB2,KRAS,FRS2","LumA","High_Q4_vs_Low_Q1","ReactomeImmune","Enriched in Low/IC1",FALSE,"SIGNALING BY FGFR4 IN DISEASE",4
"REACTOME_CONSTITUTIVE_SIGNALING_BY_AKT1_E17K_IN_CANCER",0.974624060150376,1,0.00654040420426945,0.278686085190751,0.478689993681575,26,"FOXO1,NR4A1,PRR5","LumA","High_Q4_vs_Low_Q1","ReactomeImmune","Enriched in High/IC2",FALSE,"CONSTITUTIVE SIGNALING BY AKT1 E17K IN CANCER",3
"REACTOME_DOWNSTREAM_SIGNALING_OF_ACTIVATED_FGFR4",0.970199924556771,1,0.00785099580942404,0.284852943797417,0.478047532060917,19,"KLB,FGF18,PLCG1,FGF2,HRAS,FGFR4","LumA","High_Q4_vs_Low_Q1","ReactomeImmune","Enriched in High/IC2",FALSE,"DOWNSTREAM SIGNALING OF ACTIVATED FGFR4",6
"REACTOME_NEGATIVE_REGULATION_OF_FGFR2_SIGNALING",0.973287427282441,1,0.00676582611291874,0.277353069767463,0.474328399670963,24,"RPS27A,SPRY2,FGF7,UBA52","LumA","High_Q4_vs_Low_Q1","ReactomeImmune","Enriched in High/IC2",FALSE,"NEGATIVE REGULATION OF FGFR2 SIGNALING",4
"REACTOME_SIGNALING_BY_HEDGEHOG",0.997392176529589,1,0.00109227368333519,0.256139730135613,0.459119221270302,125,"ARRB2,ADCY4,DHH,PTCH2,GLI1,BOC,RPS27A,ADCY7,UBA52,TUBB6,GLI2,PRKAR1B,EVC2,PTCH1,GRK2","LumA","High_Q4_vs_Low_Q1","ReactomeImmune","Enriched in High/IC2",FALSE,"SIGNALING BY HEDGEHOG",15
"REACTOME_ANTIGEN_PROCESSING_UBIQUITINATION_PROTEASOME_DEGRADATION",1,1,0,0.256165795944269,0.456373347047923,276,"ASB2,SOCS1,KBTBD8,TRIM69,TRIM21,UBE2L6,SOCS3,FBXO10,HERC5,RNF19B,HERC6,RNF130,RPS27A,FBXO31,UBA7","LumA","High_Q4_vs_Low_Q1","ReactomeImmune","Enriched in High/IC2",FALSE,"ANTIGEN PROCESSING UBIQUITINATION PROTEASOME DEGRADATION",15
"REACTOME_NEGATIVE_REGULATION_OF_FGFR3_SIGNALING",0.985251450676983,1,0.00687545443911036,0.255938012620859,0.435215808135892,22,"RPS27A,SPRY2,UBA52,FGF18,FGF2","LumA","High_Q4_vs_Low_Q1","ReactomeImmune","Enriched in High/IC2",FALSE,"NEGATIVE REGULATION OF FGFR3 SIGNALING",5
"REACTOME_INTERLEUKIN_17_SIGNALING",0.995379876796715,1,0.00256307719826044,0.240882249158608,0.431428651575476,67,"MEF2C,IRAK2,RPS27A,MAPK11,UBA52,MAP2K3,RPS6KA3,DUSP7,FOS,JUN,IL17RE,IL17RA","LumA","High_Q4_vs_Low_Q1","ReactomeImmune","Enriched in High/IC2",FALSE,"INTERLEUKIN 17 SIGNALING",12
"REACTOME_SIGNALING_BY_FGFR2",0.99639175257732,1,0.00268994639058628,0.240890821562875,0.431341673900702,63,"FGFBP2,RPS27A,SPRY2,FGF7,UBA52,FGF18,POLR2L,FGFBP3,POLR2I,PLCG1,FGF2,HRAS,FGFBP1,POLR2F,MKNK1","LumA","High_Q4_vs_Low_Q1","ReactomeImmune","Enriched in High/IC2",FALSE,"SIGNALING BY FGFR2",15
"REACTOME_SIGNALING_BY_FGFR",0.999287096445667,1,0.00200228954322632,0.218285651794095,0.3915631718126,77,"FGFBP2,RPS27A,KLB,SPRY2,FGF7,UBA52,FLRT2,FGF18,POLR2L,FGFBP3,POLR2I,PLCG1,FGF2,GIPC1,HRAS,FGFBP1,POLR2F,FGFR4,MKNK1","LumA","High_Q4_vs_Low_Q1","ReactomeImmune","Enriched in High/IC2",FALSE,"SIGNALING BY FGFR",19
"REACTOME_SIGNALING_BY_FGFR3",0.9966265602159,1,0.00516959699449008,0.221194162684144,0.386409550283524,33,"RPS27A,SPRY2,UBA52,FGF18,PLCG1,FGF2,HRAS","LumA","High_Q4_vs_Low_Q1","ReactomeImmune","Enriched in High/IC2",FALSE,"SIGNALING BY FGFR3",7
"REACTOME_CONSTITUTIVE_SIGNALING_BY_EGFRVIII",0.993176344661493,1,0.00850217489610469,0.229047650183536,0.376637123455508,15,"EGFR,CDC37,PLCG1,HRAS","LumA","High_Q4_vs_Low_Q1","ReactomeImmune","Enriched in High/IC2",FALSE,"CONSTITUTIVE SIGNALING BY EGFRVIII",4
"REACTOME_SIGNALING_BY_NOTCH4",0.99979499794998,1,0.00229578869921895,0.191465275885633,0.342922067386128,69,"MAML2,RPS27A,NOTCH1,FLT4,UBA52,KAT2B,NOTCH4","LumA","High_Q4_vs_Low_Q1","ReactomeImmune","Enriched in High/IC2",FALSE,"SIGNALING BY NOTCH4",7
"REACTOME_THE_ROLE_OF_GTSE1_IN_G2_M_PROGRESSION_AFTER_G2_CHECKPOINT",1,1,0.00268165118875609,0.15436622802624,0.276013564522154,61,"RPS27A,UBA52,TUBB6,TUBA4A,PSMC3,PSMC5,PSMB2,PSMB1,PSMB7,PSMB3,PSMA5,PSMD13,PSMA4,TUBA4B,PSMA7,PSMB4","LumA","High_Q4_vs_Low_Q1","ReactomeImmune","Enriched in High/IC2",FALSE,"THE ROLE OF GTSE1 IN G2 M PROGRESSION AFTER G2 CHECKPOINT",16
"REACTOME_CELL_CYCLE_CHECKPOINTS",NA,NA,NA,-0.447801872843064,NA,274,"BRCA1,H4C16,SEH1L,CLASP2,ORC4,BTRC,CKAP5,RAD50,DYNC1I2,NDE1,YWHAE,MCM4,BRCC3,CLIP1,RBBP8,CDC23,RFC5,TP53BP1,FBXW11,NSD2,RMI1,KNTC1,NEK11,GSK3B,WEE1,AHCTF1,H4C14,H2BC6,BUB3,RHNO1,CDC27,TOPBP1,ORC2,RAD17,PSMC6,CENPP,CENPQ,RAD1,XPO1,ORC5,HERC2,MRE11,ATR,MDM2,PPP2CA,PPP2R5E,DNA2,H2BC7,UBE2E1,HUS1,RPA1,DYNC1H1,PPP2R5D,H4C5,MIS12,NUP98,UBE2V2,NUP107,PSMD6,MDC1,CDK2,MCM2,ITGB3BP,CDC6,CSNK1A1,H2BC9,H2BC21,SPDL1,H4C4,NUP133,CDC7,PAFAH1B1,PHF20,ZWINT,YWHAG,TAOK1,CENPE,ANAPC1,H4C12,TP53,NUP43,NUF2,NUP37,CDK1,PSMD14,CCNE2,NSL1,PPP2R5A,ORC3,RNF8,CENPF,YWHAZ,NBN,RFC3,H2BC5,CUL1,DYNC1LI2,CENPI,H2BC4,KIF18A,H2BC15,MAPRE1,UBE2N,BUB1B,PSMC1,SKP1,MAD2L1,MCM3,CHEK1,ZWILCH,KAT5,PSMD1,ATRIP,CENPU","LumA","High_Q4_vs_Low_Q1","ReactomeImmune",NA,NA,"CELL CYCLE CHECKPOINTS",114
"REACTOME_ESR_MEDIATED_SIGNALING",NA,NA,NA,-0.256296504144694,NA,185,"FOXA1,H4C16,ESR1,CCND1,GATA3,PTK2,TNRC6A,IGF1R,GNG4,PDPK1,ZNF217,ZDHHC21,MYB,UHMK1,PPID,FKBP4,POLR2A,SMC1A,POU2F1,NCOA2,HSP90AB1,TLE3,YY1,H4C14,H2BC6,CREBBP,GNG13,PGR,RAD21,XPO1,STAG2,BCL2,ERBB4,HSP90AA1,ATF2,S1PR3,H2BC7,CCNT1,KDM1A,SMC3,GREB1,EBAG9,NRIP1,KDM4B,H4C5","LumA","High_Q4_vs_Low_Q1","ReactomeImmune",NA,NA,"ESR MEDIATED SIGNALING",45
