"gene","n_subtypes","subtypes_list","mean_lfc"
"TCL1A",5,"Basal+Her2+LumA+LumB+Normal",5.51860868803618
"MS4A1",5,"Basal+Her2+LumA+LumB+Normal",5.09637863685916
"PLA2G2D",5,"Basal+Her2+LumA+LumB+Normal",5.0359552192761
"FCRL1",5,"Basal+Her2+LumA+LumB+Normal",5.00838932935008
"FCER2",5,"Basal+Her2+LumA+LumB+Normal",4.54653045707588
"IGHV6-1",5,"Basal+Her2+LumA+LumB+Normal",4.4816575739378
"IFNG",5,"Basal+Her2+LumA+LumB+Normal",4.32282485313193
"FCRL3",5,"Basal+Her2+LumA+LumB+Normal",4.30873300522771
"IGKV2D-40",5,"Basal+Her2+LumA+LumB+Normal",4.26844849852792
"IGHV2-70",5,"Basal+Her2+LumA+LumB+Normal",4.26716322069341
"CD19",5,"Basal+Her2+LumA+LumB+Normal",4.26127412805394
"BLK",5,"Basal+Her2+LumA+LumB+Normal",4.23729291954839
"IGLV3-21",5,"Basal+Her2+LumA+LumB+Normal",4.15636648842837
"LINC01215",5,"Basal+Her2+LumA+LumB+Normal",4.15422274571984
"IGHV1-69D",5,"Basal+Her2+LumA+LumB+Normal",4.14222238877559
"CD79A",5,"Basal+Her2+LumA+LumB+Normal",4.11466073277925
"LINC02446",5,"Basal+Her2+LumA+LumB+Normal",4.10145431408597
"IGHG1",5,"Basal+Her2+LumA+LumB+Normal",4.09422695056804
"IGLC7",5,"Basal+Her2+LumA+LumB+Normal",4.07250808877396
"TRAT1",5,"Basal+Her2+LumA+LumB+Normal",4.03357011588752
"IGLV3-19",5,"Basal+Her2+LumA+LumB+Normal",4.0313084771447
"FAM30A",5,"Basal+Her2+LumA+LumB+Normal",4.02337237387924
"IGHV1-69-2",5,"Basal+Her2+LumA+LumB+Normal",4.01200249966448
"FCRL2",5,"Basal+Her2+LumA+LumB+Normal",4.0084048636701
"CXCL9",5,"Basal+Her2+LumA+LumB+Normal",3.99638517634763
"IGLV3-12",5,"Basal+Her2+LumA+LumB+Normal",3.97365973033272
"GZMK",5,"Basal+Her2+LumA+LumB+Normal",3.94354063874153
"IGHV3-73",5,"Basal+Her2+LumA+LumB+Normal",3.92152394514102
"IGHM",5,"Basal+Her2+LumA+LumB+Normal",3.92122510716665
"CR2",5,"Basal+Her2+LumA+LumB+Normal",3.87147322937113
"SH2D1A",5,"Basal+Her2+LumA+LumB+Normal",3.85088385762395
"IGLV1-47",5,"Basal+Her2+LumA+LumB+Normal",3.84910096676387
"GZMB",5,"Basal+Her2+LumA+LumB+Normal",3.84696957505536
"IGHV2-5",5,"Basal+Her2+LumA+LumB+Normal",3.77584168082819
"CHIT1",5,"Basal+Her2+LumA+LumB+Normal",3.77159690209891
"FCRLA",5,"Basal+Her2+LumA+LumB+Normal",3.75942350428992
"SPIB",5,"Basal+Her2+LumA+LumB+Normal",3.74831350132866
"PAX5",5,"Basal+Her2+LumA+LumB+Normal",3.73341432465367
"IGLV9-49",5,"Basal+Her2+LumA+LumB+Normal",3.72736204166225
"TRBV10-3",5,"Basal+Her2+LumA+LumB+Normal",3.72404577049783
"IGHV4-30-2",5,"Basal+Her2+LumA+LumB+Normal",3.71645198270217
"BTLA",5,"Basal+Her2+LumA+LumB+Normal",3.70388727008579
"IGKV4-1",5,"Basal+Her2+LumA+LumB+Normal",3.67514778116038
"TRDV1",5,"Basal+Her2+LumA+LumB+Normal",3.64425680729898
"TRBV18",5,"Basal+Her2+LumA+LumB+Normal",3.63760708748479
"IGHV3-43",5,"Basal+Her2+LumA+LumB+Normal",3.63153949763576
"SLAMF6",5,"Basal+Her2+LumA+LumB+Normal",3.62812689190924
"IGKV2D-29",5,"Basal+Her2+LumA+LumB+Normal",3.61492370685403
"TIFAB",5,"Basal+Her2+LumA+LumB+Normal",3.60516921745547
"IGKC",5,"Basal+Her2+LumA+LumB+Normal",3.60224413006848
"TRBV27",5,"Basal+Her2+LumA+LumB+Normal",3.60211765139588
"SIRPG",5,"Basal+Her2+LumA+LumB+Normal",3.59885678053681
"TRBV12-4",5,"Basal+Her2+LumA+LumB+Normal",3.59103226148033
"TRBV5-6",5,"Basal+Her2+LumA+LumB+Normal",3.58829589298715
"ZNF831",5,"Basal+Her2+LumA+LumB+Normal",3.58827383297947
"TRAV14DV4",5,"Basal+Her2+LumA+LumB+Normal",3.58771935496801
"IGHG2",5,"Basal+Her2+LumA+LumB+Normal",3.5823989257322
"TRBV2",5,"Basal+Her2+LumA+LumB+Normal",3.57459617024652
"TRBV4-2",5,"Basal+Her2+LumA+LumB+Normal",3.57235306056425
"FCRL5",5,"Basal+Her2+LumA+LumB+Normal",3.57226776098494
"TRBV7-9",5,"Basal+Her2+LumA+LumB+Normal",3.56187621540932
"TRAV8-2",5,"Basal+Her2+LumA+LumB+Normal",3.55496338711701
"TRAV12-1",5,"Basal+Her2+LumA+LumB+Normal",3.55368966924011
"TNFRSF13B",5,"Basal+Her2+LumA+LumB+Normal",3.55213998905962
"TRBV20-1",5,"Basal+Her2+LumA+LumB+Normal",3.54647296050623
"TRBV6-1",5,"Basal+Her2+LumA+LumB+Normal",3.54415064808029
"TRAV12-3",5,"Basal+Her2+LumA+LumB+Normal",3.54114245632069
"IGHV4-39",5,"Basal+Her2+LumA+LumB+Normal",3.53953333581313
"TRAV38-2DV8",5,"Basal+Her2+LumA+LumB+Normal",3.52336061496037
"IGKV3-15",5,"Basal+Her2+LumA+LumB+Normal",3.52311589952582
"LINC02273",5,"Basal+Her2+LumA+LumB+Normal",3.51088572732462
"TRAV9-2",5,"Basal+Her2+LumA+LumB+Normal",3.50854787683526
"TRBV5-1",5,"Basal+Her2+LumA+LumB+Normal",3.49494087729117
"IGLV1-40",5,"Basal+Her2+LumA+LumB+Normal",3.48920819028469
"IGLV6-57",5,"Basal+Her2+LumA+LumB+Normal",3.48753862087338
"IGHG3",5,"Basal+Her2+LumA+LumB+Normal",3.48724066570775
"IGHV3-48",5,"Basal+Her2+LumA+LumB+Normal",3.47207382165801
"IGHV1-24",5,"Basal+Her2+LumA+LumB+Normal",3.46920310192697
"TRBV9",5,"Basal+Her2+LumA+LumB+Normal",3.46721989115163
"TRBV3-1",5,"Basal+Her2+LumA+LumB+Normal",3.46519125394242
"EOMES",5,"Basal+Her2+LumA+LumB+Normal",3.45808217585767
"GBP5",5,"Basal+Her2+LumA+LumB+Normal",3.45541335264142
"IGHJ3P",5,"Basal+Her2+LumA+LumB+Normal",3.45100854147791
"IGHV4-34",5,"Basal+Her2+LumA+LumB+Normal",3.45060348450114
"IGLV8-61",5,"Basal+Her2+LumA+LumB+Normal",3.44882267990018
"TRAV8-6",5,"Basal+Her2+LumA+LumB+Normal",3.44508134600146
"NCR3",5,"Basal+Her2+LumA+LumB+Normal",3.44223955288893
"ITK",5,"Basal+Her2+LumA+LumB+Normal",3.44142578791566
"TRBV6-3",5,"Basal+Her2+LumA+LumB+Normal",3.43753646283313
"TRBV19",5,"Basal+Her2+LumA+LumB+Normal",3.4363747925514
"LY9",5,"Basal+Her2+LumA+LumB+Normal",3.42762900131411
"TRAV21",5,"Basal+Her2+LumA+LumB+Normal",3.42661177767785
"TRBV6-5",5,"Basal+Her2+LumA+LumB+Normal",3.42628827564084
"IGLC2",5,"Basal+Her2+LumA+LumB+Normal",3.42265853501979
"CD3G",5,"Basal+Her2+LumA+LumB+Normal",3.42107864135191
"PYHIN1",5,"Basal+Her2+LumA+LumB+Normal",3.41978815263635
"IGLV2-14",5,"Basal+Her2+LumA+LumB+Normal",3.41721469040142
"TBX21",5,"Basal+Her2+LumA+LumB+Normal",3.41609018172618
"CLEC17A",5,"Basal+Her2+LumA+LumB+Normal",3.4095115718855
"TRAV17",5,"Basal+Her2+LumA+LumB+Normal",3.40769788322185
"NKG7",5,"Basal+Her2+LumA+LumB+Normal",3.40594638162962
"TRBV4-1",5,"Basal+Her2+LumA+LumB+Normal",3.40255880422614
"CXCR3",5,"Basal+Her2+LumA+LumB+Normal",3.39908208562145
"NIBAN3",5,"Basal+Her2+LumA+LumB+Normal",3.39735297317711
"IGHV1-69",5,"Basal+Her2+LumA+LumB+Normal",3.39524494865276
"IGKV1-5",5,"Basal+Her2+LumA+LumB+Normal",3.39153088585621
"TRBV28",5,"Basal+Her2+LumA+LumB+Normal",3.390733306265
"CD38",5,"Basal+Her2+LumA+LumB+Normal",3.39026001761919
"CD3E",5,"Basal+Her2+LumA+LumB+Normal",3.39005575037661
"TRBV29-1",5,"Basal+Her2+LumA+LumB+Normal",3.38506212480614
"IGLL5",5,"Basal+Her2+LumA+LumB+Normal",3.3699092030813
"CD3D",5,"Basal+Her2+LumA+LumB+Normal",3.36625581182101
"TRBC1",5,"Basal+Her2+LumA+LumB+Normal",3.36212120289335
"TIGIT",5,"Basal+Her2+LumA+LumB+Normal",3.36086430581908
"FASLG",5,"Basal+Her2+LumA+LumB+Normal",3.35005737939581
"TRAV2",5,"Basal+Her2+LumA+LumB+Normal",3.34288092187674
"IGHV1-58",5,"Basal+Her2+LumA+LumB+Normal",3.34203207574586
"PDCD1",5,"Basal+Her2+LumA+LumB+Normal",3.33162716229945
"GPR174",5,"Basal+Her2+LumA+LumB+Normal",3.33011131671798
"TRBV5-4",5,"Basal+Her2+LumA+LumB+Normal",3.32249997199856
"CD8A",5,"Basal+Her2+LumA+LumB+Normal",3.31801440354673
"TRBC2",5,"Basal+Her2+LumA+LumB+Normal",3.31748288139052
"TRAV26-1",5,"Basal+Her2+LumA+LumB+Normal",3.31362688364981
"THEMIS",5,"Basal+Her2+LumA+LumB+Normal",3.31066181042267
"IGHV3-13",5,"Basal+Her2+LumA+LumB+Normal",3.30475498942209
"TRAV12-2",5,"Basal+Her2+LumA+LumB+Normal",3.30384457767123
"IL12B",5,"Basal+Her2+LumA+LumB+Normal",3.30323782310401
"GZMM",5,"Basal+Her2+LumA+LumB+Normal",3.2986656148157
"LINC00861",5,"Basal+Her2+LumA+LumB+Normal",3.29587865752096
"CD2",5,"Basal+Her2+LumA+LumB+Normal",3.29105723231474
"CCR7",5,"Basal+Her2+LumA+LumB+Normal",3.28923719279284
"TRAV4",5,"Basal+Her2+LumA+LumB+Normal",3.28181778474546
"SCML4",5,"Basal+Her2+LumA+LumB+Normal",3.2605573366498
"GZMH",5,"Basal+Her2+LumA+LumB+Normal",3.25962853457978
"TRBV30",5,"Basal+Her2+LumA+LumB+Normal",3.25837455837789
"FTH1P22",5,"Basal+Her2+LumA+LumB+Normal",3.25532315998592
"IGHV3-30",5,"Basal+Her2+LumA+LumB+Normal",3.25451074077158
"TRAV13-1",5,"Basal+Her2+LumA+LumB+Normal",3.25031420877568
"IGHV3-7",5,"Basal+Her2+LumA+LumB+Normal",3.24127290800154
"XCL2",5,"Basal+Her2+LumA+LumB+Normal",3.2392637261478
"LAX1",5,"Basal+Her2+LumA+LumB+Normal",3.23790426046
"LTB",5,"Basal+Her2+LumA+LumB+Normal",3.23709814082154
"CD8B",5,"Basal+Her2+LumA+LumB+Normal",3.22904215439574
"IGHV3-62",5,"Basal+Her2+LumA+LumB+Normal",3.21615562700794
"TRAV1-2",5,"Basal+Her2+LumA+LumB+Normal",3.21413732645188
"TRAV29DV5",5,"Basal+Her2+LumA+LumB+Normal",3.21041883373066
"SLA2",5,"Basal+Her2+LumA+LumB+Normal",3.20814801300924
"TRAV3",5,"Basal+Her2+LumA+LumB+Normal",3.20167309671023
"TRAV8-3",5,"Basal+Her2+LumA+LumB+Normal",3.20102339500423
"CD5",5,"Basal+Her2+LumA+LumB+Normal",3.1964688332974
"IRF4",5,"Basal+Her2+LumA+LumB+Normal",3.19385962254589
"BANK1",5,"Basal+Her2+LumA+LumB+Normal",3.19190629635254
"ICOS",5,"Basal+Her2+LumA+LumB+Normal",3.19133920342137
"SLAMF1",5,"Basal+Her2+LumA+LumB+Normal",3.18361884643228
"CLEC4C",5,"Basal+Her2+LumA+LumB+Normal",3.18151755959624
"IGLV1-44",5,"Basal+Her2+LumA+LumB+Normal",3.17864731496327
"ZNF683",5,"Basal+Her2+LumA+LumB+Normal",3.16741425377222
"IGHV1OR15-9",5,"Basal+Her2+LumA+LumB+Normal",3.16719961304984
"TRBV6-6",5,"Basal+Her2+LumA+LumB+Normal",3.16581433896517
"CD247",5,"Basal+Her2+LumA+LumB+Normal",3.15918756901521
"POU2AF1",5,"Basal+Her2+LumA+LumB+Normal",3.15276973536811
"GPR171",5,"Basal+Her2+LumA+LumB+Normal",3.15257169626983
"ZAP70",5,"Basal+Her2+LumA+LumB+Normal",3.14819620113021
"OR2I1",5,"Basal+Her2+LumA+LumB+Normal",3.14538665870819
"CD27",5,"Basal+Her2+LumA+LumB+Normal",3.1286826778296
"UBASH3A",5,"Basal+Her2+LumA+LumB+Normal",3.11933378420701
"SIT1",5,"Basal+Her2+LumA+LumB+Normal",3.11835817367963
"IGKV3D-15",5,"Basal+Her2+LumA+LumB+Normal",3.1135884807502
"IGHV3-11",5,"Basal+Her2+LumA+LumB+Normal",3.11184790507095
"CD40LG",5,"Basal+Her2+LumA+LumB+Normal",3.11106175307657
"TRAV8-4",5,"Basal+Her2+LumA+LumB+Normal",3.1009908344655
"PRKCB",5,"Basal+Her2+LumA+LumB+Normal",3.09354935305751
"CCL5",5,"Basal+Her2+LumA+LumB+Normal",3.09090168957786
"CD52",5,"Basal+Her2+LumA+LumB+Normal",3.08554161187586
"LCK",5,"Basal+Her2+LumA+LumB+Normal",3.08342592972864
"CD96",5,"Basal+Her2+LumA+LumB+Normal",3.08231624748955
"SLAMF7",5,"Basal+Her2+LumA+LumB+Normal",3.05493641484513
"IGHV3-33",5,"Basal+Her2+LumA+LumB+Normal",3.05214167752938
"CLEC10A",5,"Basal+Her2+LumA+LumB+Normal",3.04654789580296
"IGLV2-23",5,"Basal+Her2+LumA+LumB+Normal",3.04316589513718
"NUGGC",5,"Basal+Her2+LumA+LumB+Normal",3.03332327154868
"S1PR4",5,"Basal+Her2+LumA+LumB+Normal",3.03274291716996
"IGHV3-71",5,"Basal+Her2+LumA+LumB+Normal",3.02545646205131
"IGKV3-20",5,"Basal+Her2+LumA+LumB+Normal",3.01362113082175
"LTA",5,"Basal+Her2+LumA+LumB+Normal",3.0048090473919
"ICAM3",5,"Basal+Her2+LumA+LumB+Normal",2.99213733671386
"TRGV10",5,"Basal+Her2+LumA+LumB+Normal",2.98455370223956
"ADAMDEC1",5,"Basal+Her2+LumA+LumB+Normal",2.97052387560468
"CALHM6",5,"Basal+Her2+LumA+LumB+Normal",2.94893677020109
"SELL",5,"Basal+Her2+LumA+LumB+Normal",2.93610842649518
"TESPA1",5,"Basal+Her2+LumA+LumB+Normal",2.92706150337634
"CRTAM",5,"Basal+Her2+LumA+LumB+Normal",2.91346699883933
"IGHV3-20",5,"Basal+Her2+LumA+LumB+Normal",2.91292551927631
"LINC00996",5,"Basal+Her2+LumA+LumB+Normal",2.90989123432826
"IL2RG",5,"Basal+Her2+LumA+LumB+Normal",2.90509173348738
"C16orf54",5,"Basal+Her2+LumA+LumB+Normal",2.90387951127771
"IDO1",5,"Basal+Her2+LumA+LumB+Normal",2.8896846320882
"SAMD3",5,"Basal+Her2+LumA+LumB+Normal",2.88184107319894
"CCR2",5,"Basal+Her2+LumA+LumB+Normal",2.85416554990158
"CXCR6",5,"Basal+Her2+LumA+LumB+Normal",2.84347393506967
"TRAC",5,"Basal+Her2+LumA+LumB+Normal",2.84066424080721
"C11orf21",5,"Basal+Her2+LumA+LumB+Normal",2.83503686660562
"IL18RAP",5,"Basal+Her2+LumA+LumB+Normal",2.8224784488627
"IGKV1D-8",5,"Basal+Her2+LumA+LumB+Normal",2.81952210022916
"XCR1",5,"Basal+Her2+LumA+LumB+Normal",2.80902169772957
"STAP1",5,"Basal+Her2+LumA+LumB+Normal",2.7952820521116
"CTLA4",5,"Basal+Her2+LumA+LumB+Normal",2.78252384834545
"CD48",5,"Basal+Her2+LumA+LumB+Normal",2.77821330210754
"GVINP1",5,"Basal+Her2+LumA+LumB+Normal",2.76871994437437
"TAF5LP1",5,"Basal+Her2+LumA+LumB+Normal",2.76012978987017
"LINC01857",5,"Basal+Her2+LumA+LumB+Normal",2.72789289466711
"CD7",5,"Basal+Her2+LumA+LumB+Normal",2.72393240934785
"VPREB3",5,"Basal+Her2+LumA+LumB+Normal",2.71789180587969
"LINC00426",5,"Basal+Her2+LumA+LumB+Normal",2.70746161203707
"TRGC2",5,"Basal+Her2+LumA+LumB+Normal",2.70409254242953
"KCNA3",5,"Basal+Her2+LumA+LumB+Normal",2.70294642449763
"TLR10",5,"Basal+Her2+LumA+LumB+Normal",2.68651456641962
"PARP15",5,"Basal+Her2+LumA+LumB+Normal",2.68383255849155
"PTPN7",5,"Basal+Her2+LumA+LumB+Normal",2.68193103570827
"CD6",5,"Basal+Her2+LumA+LumB+Normal",2.6546774586436
"SLFN12L",5,"Basal+Her2+LumA+LumB+Normal",2.65358913671532
"CCR5",5,"Basal+Her2+LumA+LumB+Normal",2.65015622095007
"TRG-AS1",5,"Basal+Her2+LumA+LumB+Normal",2.64406073718408
"CCR4",5,"Basal+Her2+LumA+LumB+Normal",2.63758694043733
"IL7R",5,"Basal+Her2+LumA+LumB+Normal",2.63367118127778
"TRAV19",5,"Basal+Her2+LumA+LumB+Normal",2.63310434190015
"CCL13",5,"Basal+Her2+LumA+LumB+Normal",2.63037628934053
"CD79B",5,"Basal+Her2+LumA+LumB+Normal",2.62433123748434
"PTGDS",5,"Basal+Her2+LumA+LumB+Normal",2.62201966496366
"FUT7",5,"Basal+Her2+LumA+LumB+Normal",2.60515439221301
"JAML",5,"Basal+Her2+LumA+LumB+Normal",2.60478554584239
"GBP4",5,"Basal+Her2+LumA+LumB+Normal",2.5986071216981
"CXCL11",5,"Basal+Her2+LumA+LumB+Normal",2.59786092642018
"CCL18",5,"Basal+Her2+LumA+LumB+Normal",2.59024423136881
"P2RX1",5,"Basal+Her2+LumA+LumB+Normal",2.59016378113873
"P2RY10",5,"Basal+Her2+LumA+LumB+Normal",2.56668585207016
"PNOC",5,"Basal+Her2+LumA+LumB+Normal",2.56557550804673
"KCNJ10",5,"Basal+Her2+LumA+LumB+Normal",2.56225501219078
"PTPRC",5,"Basal+Her2+LumA+LumB+Normal",2.55243878202004
"SP140",5,"Basal+Her2+LumA+LumB+Normal",2.54261454620516
"CLEC4E",5,"Basal+Her2+LumA+LumB+Normal",2.52965080971016
"CD69",5,"Basal+Her2+LumA+LumB+Normal",2.51429504916579
"CXCL10",5,"Basal+Her2+LumA+LumB+Normal",2.51200681909774
"TBC1D10C",5,"Basal+Her2+LumA+LumB+Normal",2.50539834879003
"MIR142HG",5,"Basal+Her2+LumA+LumB+Normal",2.48560424551454
"GPR18",5,"Basal+Her2+LumA+LumB+Normal",2.47069982445659
"LINC00892",5,"Basal+Her2+LumA+LumB+Normal",2.46945324201698
"FCN1",5,"Basal+Her2+LumA+LumB+Normal",2.46121479861742
"HLA-DOB",5,"Basal+Her2+LumA+LumB+Normal",2.45311293138746
"TRAV13-2",5,"Basal+Her2+LumA+LumB+Normal",2.45195312779541
"GFI1",5,"Basal+Her2+LumA+LumB+Normal",2.44351034972608
"AIM2",5,"Basal+Her2+LumA+LumB+Normal",2.44210891686672
"APOBEC3H",5,"Basal+Her2+LumA+LumB+Normal",2.43386072379081
"PRKCQ",5,"Basal+Her2+LumA+LumB+Normal",2.4317063314822
"SNX20",5,"Basal+Her2+LumA+LumB+Normal",2.42725756475554
"IL12RB1",5,"Basal+Her2+LumA+LumB+Normal",2.4140983952817
"CR1",5,"Basal+Her2+LumA+LumB+Normal",2.4124186407992
"LOC105371773",5,"Basal+Her2+LumA+LumB+Normal",2.39704797714923
"CST7",5,"Basal+Her2+LumA+LumB+Normal",2.39110661577653
"TLR8",5,"Basal+Her2+LumA+LumB+Normal",2.38927214020893
"XIRP1",5,"Basal+Her2+LumA+LumB+Normal",2.37690788617109
"ACAP1",5,"Basal+Her2+LumA+LumB+Normal",2.3754814939712
"IL21R",5,"Basal+Her2+LumA+LumB+Normal",2.36719461633044
"TMC8",5,"Basal+Her2+LumA+LumB+Normal",2.36166944239192
"LILRA4",5,"Basal+Her2+LumA+LumB+Normal",2.35595942538382
"SPN",5,"Basal+Her2+LumA+LumB+Normal",2.35079919598761
"TRBV7-2",5,"Basal+Her2+LumA+LumB+Normal",2.3269589352627
"TRBV7-3",5,"Basal+Her2+LumA+LumB+Normal",2.32578426846498
"TNFRSF13C",5,"Basal+Her2+LumA+LumB+Normal",2.32185805673682
"MAP4K1",5,"Basal+Her2+LumA+LumB+Normal",2.31680304513865
"IKZF1",5,"Basal+Her2+LumA+LumB+Normal",2.30858283624564
"MEI1",5,"Basal+Her2+LumA+LumB+Normal",2.29614864134083
"LAG3",5,"Basal+Her2+LumA+LumB+Normal",2.29473268911178
"TNFSF14",5,"Basal+Her2+LumA+LumB+Normal",2.29383968837438
"HSD11B1",5,"Basal+Her2+LumA+LumB+Normal",2.28771610238647
"PSTPIP1",5,"Basal+Her2+LumA+LumB+Normal",2.28652701165049
"CD1E",5,"Basal+Her2+LumA+LumB+Normal",2.25967343169897
"GRAP2",5,"Basal+Her2+LumA+LumB+Normal",2.24389997064554
"LINC02576",5,"Basal+Her2+LumA+LumB+Normal",2.23652047434939
"P2RY8",5,"Basal+Her2+LumA+LumB+Normal",2.23632079981059
"CLEC12A",5,"Basal+Her2+LumA+LumB+Normal",2.23504291455813
"UTS2",5,"Basal+Her2+LumA+LumB+Normal",2.22749371231416
"SASH3",5,"Basal+Her2+LumA+LumB+Normal",2.22643605551213
"APOBEC3A",5,"Basal+Her2+LumA+LumB+Normal",2.22315826179014
"APOBEC3A_B",5,"Basal+Her2+LumA+LumB+Normal",2.22315826179014
"ARHGAP9",5,"Basal+Her2+LumA+LumB+Normal",2.21193050434253
"ITGAL",5,"Basal+Her2+LumA+LumB+Normal",2.19082800436633
"MARCO",5,"Basal+Her2+LumA+LumB+Normal",2.18271902450581
"CD226",5,"Basal+Her2+LumA+LumB+Normal",2.17853920791803
"ZC3H12D",5,"Basal+Her2+LumA+LumB+Normal",2.17614540332155
"PTCRA",5,"Basal+Her2+LumA+LumB+Normal",2.17108766595266
"DOK2",5,"Basal+Her2+LumA+LumB+Normal",2.17020690827336
"TNFRSF9",5,"Basal+Her2+LumA+LumB+Normal",2.16122530916331
"TNIP3",5,"Basal+Her2+LumA+LumB+Normal",2.16021039038241
"STAT4",5,"Basal+Her2+LumA+LumB+Normal",2.15717531618191
"JAK3",5,"Basal+Her2+LumA+LumB+Normal",2.14822596296654
"GIMAP5",5,"Basal+Her2+LumA+LumB+Normal",2.14163962154455
"CD37",5,"Basal+Her2+LumA+LumB+Normal",2.13469713468862
"RASAL3",5,"Basal+Her2+LumA+LumB+Normal",2.12531584622337
"RASGRP2",5,"Basal+Her2+LumA+LumB+Normal",2.12201846008557
"CD28",5,"Basal+Her2+LumA+LumB+Normal",2.11891168859629
"ZBP1",5,"Basal+Her2+LumA+LumB+Normal",2.102945162485
"TNFRSF8",5,"Basal+Her2+LumA+LumB+Normal",2.10235486385928
"PLEK",5,"Basal+Her2+LumA+LumB+Normal",2.09851028612142
"SLAMF8",5,"Basal+Her2+LumA+LumB+Normal",2.09167457358063
"AOAH",5,"Basal+Her2+LumA+LumB+Normal",2.08725171774483
"NCF1",5,"Basal+Her2+LumA+LumB+Normal",2.08596307846877
"CSF2RB",5,"Basal+Her2+LumA+LumB+Normal",2.08288839650229
"SELP",5,"Basal+Her2+LumA+LumB+Normal",2.07294368788833
"GIMAP7",5,"Basal+Her2+LumA+LumB+Normal",2.07145924669104
"ABCD2",5,"Basal+Her2+LumA+LumB+Normal",2.07143513160237
"TOX",5,"Basal+Her2+LumA+LumB+Normal",2.07073126730401
"ITGB7",5,"Basal+Her2+LumA+LumB+Normal",2.06873958082091
"IL10RA",5,"Basal+Her2+LumA+LumB+Normal",2.06563456597903
"HLA-DQA2",5,"Basal+Her2+LumA+LumB+Normal",2.05763437930638
"CORO1A",5,"Basal+Her2+LumA+LumB+Normal",2.05547777131925
"KLHL6",5,"Basal+Her2+LumA+LumB+Normal",2.04838627123472
"PCED1B-AS1",5,"Basal+Her2+LumA+LumB+Normal",2.04769393752015
"CIITA",5,"Basal+Her2+LumA+LumB+Normal",2.03065626457666
"EVI2B",5,"Basal+Her2+LumA+LumB+Normal",2.02815197689796
"CARD11",5,"Basal+Her2+LumA+LumB+Normal",2.02223106657656
"CYTIP",5,"Basal+Her2+LumA+LumB+Normal",2.01508219433342
"MIR155HG",5,"Basal+Her2+LumA+LumB+Normal",2.01048513116068
"TRAF3IP3",5,"Basal+Her2+LumA+LumB+Normal",2.0029473279031
"LINC00528",5,"Basal+Her2+LumA+LumB+Normal",1.99682740306886
"GBP1",5,"Basal+Her2+LumA+LumB+Normal",1.99262767406604
"FYB1",5,"Basal+Her2+LumA+LumB+Normal",1.99232955603252
"BIN2",5,"Basal+Her2+LumA+LumB+Normal",1.99195314177825
"CCL4",5,"Basal+Her2+LumA+LumB+Normal",1.9908261774757
"HCST",5,"Basal+Her2+LumA+LumB+Normal",1.98929047020788
"PLA1A",5,"Basal+Her2+LumA+LumB+Normal",1.98820623364246
"WDFY4",5,"Basal+Her2+LumA+LumB+Normal",1.98067106275766
"CD53",5,"Basal+Her2+LumA+LumB+Normal",1.98017354667534
"ITGB2-AS1",5,"Basal+Her2+LumA+LumB+Normal",1.98014230621791
"BCL2A1",5,"Basal+Her2+LumA+LumB+Normal",1.98007699636885
"SIRPB1",5,"Basal+Her2+LumA+LumB+Normal",1.97981719458682
"HLA-DQA1",5,"Basal+Her2+LumA+LumB+Normal",1.97175371255645
"IRF8",5,"Basal+Her2+LumA+LumB+Normal",1.97002941073496
"HTRA4",5,"Basal+Her2+LumA+LumB+Normal",1.94874324993554
"P2RX5",5,"Basal+Her2+LumA+LumB+Normal",1.94453956115875
"FOXP3",5,"Basal+Her2+LumA+LumB+Normal",1.9441580532257
"LAMP3",5,"Basal+Her2+LumA+LumB+Normal",1.9428857517473
"GP1BA",5,"Basal+Her2+LumA+LumB+Normal",1.93590796934744
"TIMD4",5,"Basal+Her2+LumA+LumB+Normal",1.93203967301682
"IL2RA",5,"Basal+Her2+LumA+LumB+Normal",1.92027794787671
"LINC03034",5,"Basal+Her2+LumA+LumB+Normal",1.92002749234389
"MYO1G",5,"Basal+Her2+LumA+LumB+Normal",1.90978249143235
"LOC107985688",5,"Basal+Her2+LumA+LumB+Normal",1.89930794739266
"HLA-DQB1",5,"Basal+Her2+LumA+LumB+Normal",1.89478147750341
"HLA-DRB5",5,"Basal+Her2+LumA+LumB+Normal",1.8885670109421
"HLA-DRA",5,"Basal+Her2+LumA+LumB+Normal",1.87351598318377
"HLA-DOA",5,"Basal+Her2+LumA+LumB+Normal",1.8617995385088
"TAGAP",5,"Basal+Her2+LumA+LumB+Normal",1.86099174411719
"GPR183",5,"Basal+Her2+LumA+LumB+Normal",1.85919472241652
"LOC105374836",5,"Basal+Her2+LumA+LumB+Normal",1.8567133266075
"TRABD2A",5,"Basal+Her2+LumA+LumB+Normal",1.8567133266075
"WAS",5,"Basal+Her2+LumA+LumB+Normal",1.85009508335292
"PDE6G",5,"Basal+Her2+LumA+LumB+Normal",1.84039657468904
"PATL2",5,"Basal+Her2+LumA+LumB+Normal",1.83834226265566
"ARHGAP25",5,"Basal+Her2+LumA+LumB+Normal",1.83677036341127
"SCIMP",5,"Basal+Her2+LumA+LumB+Normal",1.83275934881217
"BIRC3",5,"Basal+Her2+LumA+LumB+Normal",1.82704474718667
"NLRC3",5,"Basal+Her2+LumA+LumB+Normal",1.82249905880075
"PIM2",5,"Basal+Her2+LumA+LumB+Normal",1.8208493811293
"IL4I1",5,"Basal+Her2+LumA+LumB+Normal",1.81198790108707
"LILRB4",5,"Basal+Her2+LumA+LumB+Normal",1.81096915564327
"TSPAN32",5,"Basal+Her2+LumA+LumB+Normal",1.80475863214156
"NCKAP1L",5,"Basal+Her2+LumA+LumB+Normal",1.80285621675517
"TMEM150B",5,"Basal+Her2+LumA+LumB+Normal",1.80080440367383
"RAC2",5,"Basal+Her2+LumA+LumB+Normal",1.79941208557448
"RIPOR2",5,"Basal+Her2+LumA+LumB+Normal",1.7921097205573
"CTSS",5,"Basal+Her2+LumA+LumB+Normal",1.7822454526032
"HLA-DMB",5,"Basal+Her2+LumA+LumB+Normal",1.77302732943378
"IL18BP",5,"Basal+Her2+LumA+LumB+Normal",1.76138631302373
"DOCK2",5,"Basal+Her2+LumA+LumB+Normal",1.75542853528854
"MPEG1",5,"Basal+Her2+LumA+LumB+Normal",1.75395825869956
"HLA-DPB1",5,"Basal+Her2+LumA+LumB+Normal",1.75336506928305
"FGD2",5,"Basal+Her2+LumA+LumB+Normal",1.75087576963803
"XPNPEP2",5,"Basal+Her2+LumA+LumB+Normal",1.74261282648247
"HK3",5,"Basal+Her2+LumA+LumB+Normal",1.74044220529882
"TFEC",5,"Basal+Her2+LumA+LumB+Normal",1.74033449755045
"PTPN22",5,"Basal+Her2+LumA+LumB+Normal",1.73523418284693
"KLRG1",5,"Basal+Her2+LumA+LumB+Normal",1.72707732121705
"CCDC69",5,"Basal+Her2+LumA+LumB+Normal",1.72583853290702
"TNFRSF1B",5,"Basal+Her2+LumA+LumB+Normal",1.71995548332632
"HLA-DQB2",5,"Basal+Her2+LumA+LumB+Normal",1.71655165861192
"IL16",5,"Basal+Her2+LumA+LumB+Normal",1.71318073897762
"CD72",5,"Basal+Her2+LumA+LumB+Normal",1.70817830254751
"LCP2",5,"Basal+Her2+LumA+LumB+Normal",1.69991785887015
"FERMT3",5,"Basal+Her2+LumA+LumB+Normal",1.69822632671669
"ABI3BP",5,"Basal+Her2+LumA+LumB+Normal",1.69736239638811
"PDCD1LG2",5,"Basal+Her2+LumA+LumB+Normal",1.69545010575792
"CD274",5,"Basal+Her2+LumA+LumB+Normal",1.69336642961407
"SEPTIN1",5,"Basal+Her2+LumA+LumB+Normal",1.68711794838795
"LILRB2",5,"Basal+Her2+LumA+LumB+Normal",1.68484226168792
"HCLS1",5,"Basal+Her2+LumA+LumB+Normal",1.68267370126029
"SRGN",5,"Basal+Her2+LumA+LumB+Normal",1.67876474311693
"SAMSN1",5,"Basal+Her2+LumA+LumB+Normal",1.67541847404993
"ADA2",5,"Basal+Her2+LumA+LumB+Normal",1.6599378259246
"LILRB5",5,"Basal+Her2+LumA+LumB+Normal",1.65811925667513
"ARHGAP15",5,"Basal+Her2+LumA+LumB+Normal",1.65558924709941
"ARHGAP30",5,"Basal+Her2+LumA+LumB+Normal",1.65514216053275
"TRAF1",5,"Basal+Her2+LumA+LumB+Normal",1.6542957969809
"FAM78A",5,"Basal+Her2+LumA+LumB+Normal",1.62919241023985
"CD4",5,"Basal+Her2+LumA+LumB+Normal",1.626945583999
"PIK3CD",5,"Basal+Her2+LumA+LumB+Normal",1.60849980852015
"BTK",5,"Basal+Her2+LumA+LumB+Normal",1.60795729477255
"HLA-DPB2",5,"Basal+Her2+LumA+LumB+Normal",1.60533001114076
"IRF1",5,"Basal+Her2+LumA+LumB+Normal",1.5937090999485
"IL32",5,"Basal+Her2+LumA+LumB+Normal",1.5901330553688
"PARVG",5,"Basal+Her2+LumA+LumB+Normal",1.58585233098844
"TAP1",5,"Basal+Her2+LumA+LumB+Normal",1.58510838309103
"STX11",5,"Basal+Her2+LumA+LumB+Normal",1.58427916990831
"FGR",5,"Basal+Her2+LumA+LumB+Normal",1.58269681891916
"GMFG",5,"Basal+Her2+LumA+LumB+Normal",1.58204153967995
"CD209",5,"Basal+Her2+LumA+LumB+Normal",1.57241041415597
"NLRC5",5,"Basal+Her2+LumA+LumB+Normal",1.56750024910072
"DPEP2",5,"Basal+Her2+LumA+LumB+Normal",1.56129565566073
"ITGB2",5,"Basal+Her2+LumA+LumB+Normal",1.56059774735896
"TASL",5,"Basal+Her2+LumA+LumB+Normal",1.55911431420017
"VAV1",5,"Basal+Her2+LumA+LumB+Normal",1.54442943064855
"CD300LF",5,"Basal+Her2+LumA+LumB+Normal",1.54354332747414
"AKNA",5,"Basal+Her2+LumA+LumB+Normal",1.54270453983682
"APOC1",5,"Basal+Her2+LumA+LumB+Normal",1.53972286190384
"DNAJC5B",5,"Basal+Her2+LumA+LumB+Normal",1.53524726036031
"LILRB3",5,"Basal+Her2+LumA+LumB+Normal",1.52460634818329
"LOC102725035",5,"Basal+Her2+LumA+LumB+Normal",1.52460634818329
"LOC107987425",5,"Basal+Her2+LumA+LumB+Normal",1.52460634818329
"LOC107987462",5,"Basal+Her2+LumA+LumB+Normal",1.52460634818329
"LILRB1",5,"Basal+Her2+LumA+LumB+Normal",1.52209454064223
"HLA-DQB1-AS1",5,"Basal+Her2+LumA+LumB+Normal",1.51659575814244
"TNFSF13B",5,"Basal+Her2+LumA+LumB+Normal",1.51621011137201
"MS4A4A",5,"Basal+Her2+LumA+LumB+Normal",1.5127732303579
"SELPLG",5,"Basal+Her2+LumA+LumB+Normal",1.50163090559108
"CYTH4",5,"Basal+Her2+LumA+LumB+Normal",1.4848620671866
"SLA",5,"Basal+Her2+LumA+LumB+Normal",1.48198229683421
"CD84",5,"Basal+Her2+LumA+LumB+Normal",1.47272063201204
"MNDA",5,"Basal+Her2+LumA+LumB+Normal",1.45389638860493
"GAB3",5,"Basal+Her2+LumA+LumB+Normal",1.45105027939153
"SNAI3",5,"Basal+Her2+LumA+LumB+Normal",1.44567835891989
"PIK3R5",5,"Basal+Her2+LumA+LumB+Normal",1.44517062897707
"LOC105371279",5,"Basal+Her2+LumA+LumB+Normal",1.43867808127044
"FMNL1",5,"Basal+Her2+LumA+LumB+Normal",1.43822188439168
"MYO1F",5,"Basal+Her2+LumA+LumB+Normal",1.43645407295197
"GPSM3",5,"Basal+Her2+LumA+LumB+Normal",1.43122722991623
"LINC02422",5,"Basal+Her2+LumA+LumB+Normal",1.41618703288211
"LOC105369725",5,"Basal+Her2+LumA+LumB+Normal",1.41618703288211
"PRR33",5,"Basal+Her2+LumA+LumB+Normal",1.41492327314897
"SHISAL2A",5,"Basal+Her2+LumA+LumB+Normal",1.40631937577925
"FPR3",5,"Basal+Her2+LumA+LumB+Normal",1.40441092744428
"CD163",5,"Basal+Her2+LumA+LumB+Normal",1.39912519382349
"PLCXD2",5,"Basal+Her2+LumA+LumB+Normal",1.38992211595969
"GPR65",5,"Basal+Her2+LumA+LumB+Normal",1.38867161213498
"EVI2A",5,"Basal+Her2+LumA+LumB+Normal",1.38059918728938
"FOLR2",5,"Basal+Her2+LumA+LumB+Normal",1.37919307008436
"APBB1IP",5,"Basal+Her2+LumA+LumB+Normal",1.37697035087862
"CD1D",5,"Basal+Her2+LumA+LumB+Normal",1.37432746723952
"HVCN1",5,"Basal+Her2+LumA+LumB+Normal",1.37160253702628
"CD86",5,"Basal+Her2+LumA+LumB+Normal",1.36908246691938
"LAIR1",5,"Basal+Her2+LumA+LumB+Normal",1.35685754013881
"PDE3B",5,"Basal+Her2+LumA+LumB+Normal",1.35125398465532
"TNFSF8",5,"Basal+Her2+LumA+LumB+Normal",1.34389694722608
"CTSC",5,"Basal+Her2+LumA+LumB+Normal",1.33568510125632
"KCNAB2",5,"Basal+Her2+LumA+LumB+Normal",1.31738536632762
"TRPV2",5,"Basal+Her2+LumA+LumB+Normal",1.31502819135994
"CPVL",5,"Basal+Her2+LumA+LumB+Normal",1.3002840933096
"LAPTM5",5,"Basal+Her2+LumA+LumB+Normal",1.29911042797706
"TNFAIP3",5,"Basal+Her2+LumA+LumB+Normal",1.29820592227797
"TAP2",5,"Basal+Her2+LumA+LumB+Normal",1.29300832391648
"RASSF4",5,"Basal+Her2+LumA+LumB+Normal",1.2888135189396
"MCOLN2",5,"Basal+Her2+LumA+LumB+Normal",1.27386692742704
"SERPINB9",5,"Basal+Her2+LumA+LumB+Normal",1.25296226233194
"TYROBP",5,"Basal+Her2+LumA+LumB+Normal",1.22191434962147
"PRKAR1B-AS1",5,"Basal+Her2+LumA+LumB+Normal",1.19809723508565
"FCGR2B",5,"Basal+Her2+LumA+LumB+Normal",1.13742974117246
"IGLV4-69",4,"Basal+Her2+LumA+LumB",4.94773398647214
"IGKV1-33",4,"Basal+Her2+LumA+LumB",4.92367249283357
"IGLV1-41",4,"Basal+Her2+LumA+LumB",4.76273999454211
"IGHV2-26",4,"Basal+Her2+LumA+LumB",4.71435127175933
"IGHV1-18",4,"Basal+Her2+LumA+LumB",4.68603237987331
"IGKV2-28",4,"Basal+Her2+LumA+LumB",4.65779035643962
"IGLV3-27",4,"Basal+Her2+LumA+LumB",4.55607317249658
"IGKV1-39",4,"Basal+Her2+LumA+LumB",4.54496167140867
"IGHV3-64D",4,"Basal+Her2+LumA+LumB",4.5216843411285
"CCL19",4,"Basal+Her2+LumA+LumB",4.42532627289122
"IGLV1-36",4,"Basal+Her2+LumA+LumB",4.42115041564205
"IGKV1-16",4,"Basal+Her2+LumA+LumB",4.38677111176786
"IGKV5-2",4,"Basal+Her2+LumA+LumB",4.28455352398509
"IGLV3-16",4,"Basal+Her2+LumA+LumB",4.2750342862424
"IGHV3-15",4,"Basal+Her2+LumA+LumB",4.24914959544688
"IGKV1D-12",4,"Basal+Her2+LumA+LumB",4.17345561090497
"IGLV3-10",4,"Basal+Her2+LumA+LumB",4.16696931051472
"IGHV1-46",4,"Basal+Her2+LumA+LumB",4.14817408444052
"IGKV2D-24",4,"Basal+Her2+LumA+LumB",4.12859088633021
"IGHV4-4",4,"Basal+Her2+LumA+LumB",4.08421829362568
"IGHV3OR16-17",4,"Basal+Her2+LumA+LumB",4.07557900619055
"IGKV1D-33",4,"Basal+Her2+LumA+LumB",4.04961231134441
"IGLV3-25",4,"Basal+Her2+LumA+LumB",4.0409646220936
"IGHV3-64",4,"Basal+Her2+LumA+LumB",4.03522698111306
"LINC01781",4,"Basal+Her2+LumA+Normal",4.03396705115498
"IGHV5-51",4,"Basal+Her2+LumA+LumB",3.9682873155952
"IGKV1-27",4,"Basal+Her2+LumA+LumB",3.92206825430668
"IGHV3-23",4,"Basal+Her2+LumA+LumB",3.92072568421717
"IGKV1-17",4,"Basal+Her2+LumA+LumB",3.90611189461651
"TNFRSF17",4,"Basal+Her2+LumA+LumB",3.88991275245878
"IGLC3",4,"Basal+Her2+LumA+LumB",3.88386131306627
"IGHV1-3",4,"Her2+LumA+LumB+Normal",3.87861393561253
"IGKV1-12",4,"Basal+Her2+LumA+LumB",3.85808810354323
"GZMA",4,"Basal+Her2+LumA+LumB",3.84609361608478
"IGHV3-66",4,"Basal+Her2+LumA+LumB",3.83602317990367
"IGHV4-59",4,"Basal+Her2+LumA+LumB",3.82783981511295
"IGKV1ORY-1",4,"Basal+Her2+LumA+LumB",3.79923476791317
"IGHV3-49",4,"Basal+Her2+LumA+LumB",3.78152217193069
"IGKV3-11",4,"Basal+Her2+LumA+LumB",3.77641913205579
"IGHV1-12",4,"Basal+Her2+LumA+LumB",3.75586467954088
"IGLV7-43",4,"Basal+Her2+LumA+LumB",3.75006499373352
"IGKV1D-17",4,"Basal+Her2+LumA+LumB",3.74566760591334
"TRBV11-2",4,"Basal+Her2+LumA+LumB",3.74520562881676
"IGHJ5",4,"Basal+Her2+LumB+Normal",3.74110445103508
"IGLC6",4,"Basal+Her2+LumA+LumB",3.73260373666031
"IGKV2-30",4,"Basal+Her2+LumA+LumB",3.72397658143181
"IGLV2-8",4,"Basal+Her2+LumA+LumB",3.71900677735177
"GNLY",4,"Basal+Her2+LumA+LumB",3.6902137286912
"IGHV3OR16-9",4,"Basal+Her2+LumA+LumB",3.68761608914958
"GPR15",4,"Basal+Her2+LumA+LumB",3.68514184174871
"IGHV4-61",4,"Basal+Her2+LumA+LumB",3.68214948340666
"IGLV2-11",4,"Basal+Her2+LumA+LumB",3.67886937545061
"IGKV1D-16",4,"Basal+Her2+LumA+LumB",3.6717985138164
"IGHV3-74",4,"Basal+Her2+LumA+LumB",3.67024017634884
"IGLV4-60",4,"Basal+Her2+LumA+LumB",3.664380231031
"IGLV5-45",4,"Basal+Her2+LumA+LumB",3.65739398509329
"IGLV7-46",4,"Basal+Her2+LumA+LumB",3.65547073074873
"IGHJ4",4,"Basal+Her2+LumA+LumB",3.64096362365058
"IGKV3-7",4,"Basal+Her2+LumA+LumB",3.62665823296377
"CTSW",4,"Basal+Her2+LumA+LumB",3.6024601626657
"IGHJ2",4,"Basal+Her2+LumA+LumB",3.59693775516984
"PRF1",4,"Basal+Her2+LumA+LumB",3.57324388751037
"IGHV3-53",4,"Basal+Her2+LumA+LumB",3.57213337267699
"IGHV1-2",4,"Basal+Her2+LumA+LumB",3.56537447308407
"TRAV23DV6",4,"Basal+Her2+LumA+LumB",3.56423542405596
"IGKV1-6",4,"Basal+Her2+LumA+LumB",3.55177525594354
"IGHV3-21",4,"Basal+Her2+LumA+LumB",3.54818768122943
"IGLV2-18",4,"Basal+Her2+LumA+LumB",3.52993912005251
"IGHJ6",4,"Basal+Her2+LumA+LumB",3.50381559298289
"CD1B",4,"Her2+LumA+LumB+Normal",3.49264160988375
"IGLV3-9",4,"Basal+Her2+LumA+LumB",3.48724755851776
"IGHJ3",4,"Basal+Her2+LumA+LumB",3.4541426823447
"IGKV3D-11",4,"Basal+Her2+LumA+LumB",3.4492584583818
"IGHV3-69-1",4,"Basal+Her2+LumA+LumB",3.44489288373882
"IGLV10-54",4,"Basal+Her2+LumA+LumB",3.43243916976101
"IGKJ1",4,"Basal+Her2+LumA+LumB",3.38884432404536
"IGLV1-51",4,"Basal+Her2+LumA+LumB",3.35677836725477
"IGKV3D-20",4,"Basal+Her2+LumA+LumB",3.35406211103575
"IGHV3-72",4,"Basal+Her2+LumA+LumB",3.34132417332241
"ZBED2",4,"Basal+Her2+LumA+LumB",3.33918680223633
"IGKV2-24",4,"Basal+Her2+LumA+LumB",3.32424921889715
"TRBV24-1",4,"Basal+Her2+LumB+Normal",3.28858486661695
"TRAV16",4,"Basal+Her2+LumA+Normal",3.28622142552431
"IGHV1-67",4,"Basal+Her2+LumA+LumB",3.27018349021111
"JCHAIN",4,"Basal+Her2+LumA+LumB",3.23919197031917
"IGHV2-70D",4,"Basal+Her2+LumA+LumB",3.21095843982429
"IGHV4-28",4,"Basal+Her2+LumA+LumB",3.18032501884257
"IGHV4-55",4,"Basal+Her2+LumA+LumB",3.1728438213161
"LINC01871",4,"Basal+Her2+LumA+LumB",3.16743804438498
"IGLV2-28",4,"Basal+Her2+LumA+LumB",3.16116837252314
"TMIGD2",4,"Basal+Her2+LumA+LumB",3.14915567236899
"IGKV1D-13",4,"Basal+Her2+LumA+LumB",3.11502406947371
"KLRB1",4,"Basal+Her2+LumA+LumB",3.11419235580971
"PLAC8",4,"Basal+Her2+LumA+LumB",3.1113335544266
"KLRC1",4,"Basal+Her2+LumA+LumB",3.10655271917302
"IGKV2-29",4,"Basal+Her2+LumA+LumB",3.0332060511634
"ADGRG5",4,"Basal+Her2+LumA+LumB",2.91371456234542
"IGHG4",4,"Basal+Her2+LumA+Normal",2.89261403066391
"IGHV4-80",4,"Basal+Her2+LumA+LumB",2.8504528102067
"LYZ",4,"Basal+Her2+LumA+LumB",2.77850821767122
"FCRL6",4,"Basal+Her2+LumA+LumB",2.7560775064662
"IGHA1",4,"Basal+Her2+LumA+LumB",2.75564977612892
"AMPD1",4,"Basal+Her2+LumA+LumB",2.70673675974383
"CD244",4,"Basal+Her2+LumA+LumB",2.68833179948925
"SPOCK2",4,"Her2+LumA+LumB+Normal",2.61654048194085
"JSRP1",4,"Basal+Her2+LumA+LumB",2.58677306360935
"LGALS2",4,"Basal+Her2+LumA+LumB",2.57328026550893
"IKZF3",4,"Basal+LumA+LumB+Normal",2.53576714917801
"XCL1",4,"Basal+Her2+LumA+LumB",2.53412116913133
"IGHV1-45",4,"Basal+Her2+LumA+Normal",2.47271130665901
"IGKV1-9",4,"Basal+Her2+LumA+LumB",2.45038048830867
"TOMM20P2",4,"Basal+Her2+LumB+Normal",2.44484011084174
"CD1C",4,"Basal+Her2+LumA+LumB",2.43702683654121
"GPR55",4,"Basal+Her2+LumA+LumB",2.40289279684712
"KLRD1",4,"Basal+Her2+LumA+LumB",2.40024709993088
"IL2RB",4,"Basal+Her2+LumA+Normal",2.39685050975628
"TF",4,"Basal+Her2+LumA+LumB",2.38023675394247
"DNASE1L3",4,"Basal+Her2+LumA+LumB",2.30425510795954
"CD22",4,"Basal+Her2+LumA+Normal",2.28597803092647
"ACKR1",4,"Basal+Her2+LumA+LumB",2.26647885233565
"EBI3",4,"Basal+Her2+LumA+LumB",2.25009735984931
"CLEC9A",4,"Basal+Her2+LumA+LumB",2.21454369463784
"APOBEC3G",4,"Basal+Her2+LumA+LumB",2.20330154826896
"VNN2",4,"Basal+LumA+LumB+Normal",2.15069901828238
"CCR8",4,"Basal+LumA+LumB+Normal",2.1391720339869
"MIXL1",4,"Basal+Her2+LumA+LumB",2.13752484872171
"CCL21",4,"Basal+Her2+LumA+LumB",2.13212827973963
"SH2D2A",4,"Her2+LumA+LumB+Normal",2.12333195798965
"MIR3142HG",4,"Her2+LumA+LumB+Normal",2.12018744208746
"FGL2",4,"Basal+Her2+LumA+LumB",2.11305182267889
"PPP1R16B",4,"Her2+LumA+LumB+Normal",2.10080738777209
"IPCEF1",4,"Basal+Her2+LumA+LumB",2.06995392524465
"HLA-DPA1",4,"Basal+Her2+LumA+LumB",2.06098751538392
"ASB2",4,"Basal+Her2+LumA+LumB",2.04053911659676
"HNRNPA1P21",4,"Basal+LumA+LumB+Normal",1.98744746408218
"TXK",4,"Basal+Her2+LumA+LumB",1.98534037669885
"ITGAD",4,"Basal+Her2+LumA+LumB",1.98147804199197
"CCL8",4,"Basal+LumA+LumB+Normal",1.96662935689162
"C1QA",4,"Basal+Her2+LumA+LumB",1.96110505701006
"FCMR",4,"Basal+Her2+LumA+Normal",1.95366236863295
"RGS18",4,"Basal+Her2+LumA+LumB",1.95163009854484
"CD74",4,"Basal+Her2+LumA+LumB",1.93434548345326
"CD200R1",4,"Basal+Her2+LumA+LumB",1.92544414621627
"CCL17",4,"Her2+LumA+LumB+Normal",1.92544185233612
"C1QB",4,"Basal+Her2+LumA+LumB",1.90757680988628
"HLA-DRB1",4,"Basal+Her2+LumA+LumB",1.89471721323635
"PSMB9",4,"Basal+Her2+LumA+LumB",1.88410130235905
"GIMAP4",4,"Basal+Her2+LumA+LumB",1.85160384505768
"GIMAP1",4,"Basal+Her2+LumA+LumB",1.83519842236813
"DERL3",4,"Basal+Her2+LumA+LumB",1.83175844609217
"IRAG2",4,"Her2+LumA+LumB+Normal",1.80655792055785
"CYBB",4,"Basal+Her2+LumA+LumB",1.79777121628407
"ARRDC5",4,"Basal+LumA+LumB+Normal",1.7949232842673
"ABCB1",4,"Basal+Her2+LumA+LumB",1.78143063881064
"CEACAM4",4,"Basal+Her2+LumA+Normal",1.77826616311599
"PIK3CG",4,"Basal+Her2+LumA+LumB",1.77047432565199
"APOL3",4,"Basal+Her2+LumA+LumB",1.76948270746934
"PLA2G7",4,"Her2+LumA+LumB+Normal",1.76365166284271
"LINC00926",4,"Basal+Her2+LumA+Normal",1.75996106277842
"MRC1",4,"Basal+Her2+LumA+LumB",1.75943168602316
"HLA-DMA",4,"Basal+Her2+LumA+LumB",1.75731258129422
"ITM2A",4,"Basal+Her2+LumA+LumB",1.75517069976253
"CEACAM21",4,"Basal+LumA+LumB+Normal",1.72494589464009
"ETV7",4,"Basal+Her2+LumA+LumB",1.71236313210263
"TRGV7",4,"Basal+Her2+LumA+LumB",1.69776363363932
"KLRF1",4,"Basal+Her2+LumA+LumB",1.69347816545395
"RUFY4",4,"Her2+LumA+LumB+Normal",1.68544020757572
"NCF4",4,"Basal+Her2+LumA+LumB",1.67155286887228
"TOX2",4,"Her2+LumA+LumB+Normal",1.66616773180965
"IL18R1",4,"Her2+LumA+LumB+Normal",1.64004038259211
"C1QC",4,"Basal+Her2+LumA+LumB",1.63782565065738
"CLIC2",4,"Basal+Her2+LumA+LumB",1.63417933527225
"COL4A4",4,"Her2+LumA+LumB+Normal",1.63298805963279
"IGSF6",4,"Basal+Her2+LumA+LumB",1.62819885783618
"MIAT",4,"Basal+Her2+LumB+Normal",1.62668962364898
"POU2F2",4,"Basal+LumA+LumB+Normal",1.60630730694433
"CCDC88B",4,"Basal+Her2+LumA+LumB",1.60619891158247
"MFNG",4,"Basal+Her2+LumA+LumB",1.59365109678796
"INPP5D",4,"Basal+Her2+LumA+LumB",1.58983289347201
"MS4A6A",4,"Basal+Her2+LumA+LumB",1.58435055039857
"GIMAP6",4,"Basal+Her2+LumA+LumB",1.58157064936918
"CD40",4,"Basal+Her2+LumA+LumB",1.58058321832468
"SIGLEC10",4,"Basal+Her2+LumA+LumB",1.57834757598088
"ALDH1A1",4,"Basal+Her2+LumA+LumB",1.57730466750266
"CMKLR1",4,"Basal+Her2+LumA+LumB",1.57388148886674
"EPSTI1",4,"Basal+LumA+LumB+Normal",1.57218012532412
"TMEM273",4,"Basal+Her2+LumA+LumB",1.56375323988765
"BHLHE22",4,"Basal+Her2+LumA+LumB",1.5613671822645
"TNFAIP8L2",4,"Basal+Her2+LumA+LumB",1.55962635330042
"BATF2",4,"Basal+Her2+LumA+LumB",1.55755567011837
"LST1",4,"Basal+Her2+LumA+LumB",1.55192864836575
"CPNE5",4,"Her2+LumA+LumB+Normal",1.54267419538499
"CARD16",4,"Basal+Her2+LumA+LumB",1.52735233499004
"CD70",4,"Basal+Her2+LumA+Normal",1.51565162252945
"KIF21B",4,"Her2+LumA+LumB+Normal",1.51149395662686
"C3",4,"Basal+Her2+LumA+LumB",1.50638356775756
"APOBEC3C",4,"Basal+Her2+LumA+LumB",1.50525793461758
"IL15RA",4,"Basal+Her2+LumA+LumB",1.50439249190814
"C1orf162",4,"Basal+Her2+LumA+LumB",1.49579167499425
"SAMD9L",4,"Basal+Her2+LumB+Normal",1.48380201901174
"SIGLEC8",4,"Basal+Her2+LumA+LumB",1.47251754569382
"ASGR2",4,"Basal+Her2+LumA+LumB",1.46749067886865
"APOL1",4,"Basal+Her2+LumA+LumB",1.46600054628979
"CASS4",4,"Basal+LumA+LumB+Normal",1.45958741189226
"GNGT2",4,"Basal+Her2+LumA+LumB",1.45153502592845
"AIF1",4,"Basal+Her2+LumA+LumB",1.45131360616669
"WARS1",4,"Basal+Her2+LumB+Normal",1.44834144373583
"CYSLTR2",4,"Basal+Her2+LumA+LumB",1.44471298060342
"VCAM1",4,"Basal+LumA+LumB+Normal",1.44144699548464
"RAB33A",4,"Basal+Her2+LumA+LumB",1.43940923259063
"PSMB8-AS1",4,"Basal+Her2+LumA+LumB",1.43899719610249
"DBH-AS1",4,"Basal+Her2+LumA+LumB",1.4387779266814
"PTAFR",4,"Basal+Her2+LumA+LumB",1.43635883865174
"C2",4,"Basal+Her2+LumB+Normal",1.43201853137436
"GIMAP8",4,"Basal+Her2+LumA+LumB",1.43100371025827
"GIMAP2",4,"Basal+Her2+LumA+LumB",1.42694593104095
"LILRA5",4,"Basal+Her2+LumA+LumB",1.42615945130984
"HLA-F",4,"Basal+Her2+LumA+LumB",1.42159034217582
"SMTNL1",4,"Basal+Her2+LumB+Normal",1.41886019331623
"CAMK4",4,"Basal+Her2+LumA+LumB",1.41250441668115
"ZBTB32",4,"Her2+LumA+LumB+Normal",1.40712582289979
"HLA-E",4,"Basal+Her2+LumA+LumB",1.4059045635355
"SLC9A9",4,"Basal+Her2+LumA+LumB",1.3952002330859
"IL15",4,"Basal+Her2+LumA+LumB",1.39441368937212
"GBP2",4,"Basal+Her2+LumA+LumB",1.39397031291465
"VSIR",4,"Basal+Her2+LumA+LumB",1.39292037247801
"CLEC2D",4,"Basal+Her2+LumB+Normal",1.39265579357915
"CCR1",4,"Basal+LumA+LumB+Normal",1.39152819985507
"IL10",4,"Basal+Her2+LumA+LumB",1.39050270353067
"STAT1",4,"Basal+LumA+LumB+Normal",1.38970619925138
"CSF2RA",4,"Basal+Her2+LumA+LumB",1.38365527397749
"PLCB2",4,"Basal+Her2+LumA+LumB",1.38280853420939
"PTGER4",4,"Basal+Her2+LumA+LumB",1.37862738730201
"CMA1",4,"Basal+Her2+LumA+LumB",1.37706403034452
"SPI1",4,"Basal+Her2+LumA+LumB",1.36726115798372
"RNASE6",4,"Basal+Her2+LumA+LumB",1.36691926051288
"SIGLEC1",4,"Basal+LumA+LumB+Normal",1.36600342345587
"THEMIS2",4,"Her2+LumA+LumB+Normal",1.35895292323621
"LINC01943",4,"Basal+Her2+LumA+LumB",1.35613951302464
"ARHGAP45",4,"Basal+Her2+LumA+Normal",1.34263566659387
"P2RY14",4,"Her2+LumA+LumB+Normal",1.33516288121261
"IFI30",4,"Basal+Her2+LumB+Normal",1.32259474932789
"TVP23A",4,"Basal+Her2+LumA+LumB",1.32168792077627
"ADGRE5",4,"Basal+Her2+LumA+LumB",1.32118166859642
"HLA-B",4,"Basal+Her2+LumA+LumB",1.32079640906268
"ITGAX",4,"Basal+Her2+LumB+Normal",1.30583753148871
"WIPF1",4,"Basal+Her2+LumA+LumB",1.30529538048933
"NCF2",4,"Basal+Her2+LumB+Normal",1.30479036884386
"PIK3AP1",4,"Basal+LumA+LumB+Normal",1.30235564600573
"DOCK8",4,"Basal+Her2+LumA+LumB",1.29707434380417
"ABI3",4,"Basal+Her2+LumA+LumB",1.29437855272622
"TRIM22",4,"Basal+Her2+LumA+LumB",1.29009641183653
"COL6A6",4,"Basal+Her2+LumA+LumB",1.28860899514666
"CASP1",4,"Basal+Her2+LumA+LumB",1.2624592617672
"PAPLN",4,"Basal+Her2+LumA+Normal",1.26155637743128
"SAMHD1",4,"Basal+Her2+LumA+LumB",1.25810000188388
"SIGLEC6",4,"Basal+LumA+LumB+Normal",1.25090123968546
"CCL4L1",4,"Basal+Her2+LumA+LumB",1.24868287411218
"CCL4L2",4,"Basal+Her2+LumA+LumB",1.24868287411218
"DOK3",4,"Basal+Her2+LumB+Normal",1.24750455242946
"KBTBD8",4,"Basal+Her2+LumA+Normal",1.24581479973232
"LCP1",4,"Basal+LumA+LumB+Normal",1.24486577205915
"SIRPB2",4,"Basal+Her2+LumB+Normal",1.2359787263148
"FLI1",4,"Basal+Her2+LumA+LumB",1.23289819948217
"LPXN",4,"Basal+LumA+LumB+Normal",1.22637148245667
"NLRP1",4,"Basal+Her2+LumA+LumB",1.21591081514959
"IGFLR1",4,"Basal+Her2+LumA+Normal",1.21181657475891
"BTN3A2",4,"Basal+Her2+LumA+LumB",1.2072704922228
"ANKRD44",4,"Basal+Her2+LumA+Normal",1.20638474158025
"CCL22",4,"Basal+Her2+LumA+LumB",1.18891128487952
"PEAK3",4,"Basal+Her2+LumA+LumB",1.18750646362428
"ARHGAP4",4,"Basal+LumA+LumB+Normal",1.1589830425324
"LY96",4,"Basal+Her2+LumA+LumB",1.15356405222333
"LGI2",4,"Basal+Her2+LumA+Normal",1.13535534552734
"IGKV1D-39",3,"Basal+Her2+LumB",4.77989308099633
"IGHV7-4-1",3,"Basal+LumA+LumB",4.42758999583934
"KIR2DL4",3,"Basal+Her2+LumB",4.36664539114264
"IGKV6D-21",3,"Basal+LumA+LumB",4.32388335697715
"IGKV1D-43",3,"Basal+Her2+LumA",4.32049665567905
"IGKV2D-30",3,"Her2+LumA+LumB",4.21916458319167
"IGKV1-8",3,"Her2+LumA+LumB",4.00559659399106
"IGLV5-37",3,"Her2+LumA+LumB",3.77656789375827
"IGKV6-21",3,"Basal+Her2+LumA",3.63868483372935
"IGKJ5",3,"Basal+Her2+Normal",3.50754625413338
"IGHV3OR16-8",3,"Basal+Her2+LumA",3.49333634222555
"IGKV2D-28",3,"Basal+Her2+LumA",3.47198169014946
"MAL",3,"Her2+LumA+LumB",3.22706352034715
"TRAV5",3,"Basal+Her2+Normal",3.15606961318167
"TRBV7-6",3,"Basal+Her2+Normal",3.11489692909731
"TRAV41",3,"Basal+Her2+Normal",3.07667293997749
"FDCSP",3,"Her2+LumA+LumB",3.03139804418264
"IGHD",3,"Her2+LumA+LumB",3.02318368478523
"TRAV20",3,"Basal+Her2+Normal",2.91516881099039
"PI16",3,"Her2+LumA+LumB",2.89172333116662
"GABRQ",3,"Her2+LumA+LumB",2.87881488665275
"TRAV8-1",3,"Basal+Her2+Normal",2.84572358000674
"MZB1",3,"Basal+Her2+LumA",2.80237548318402
"KLHDC7B",3,"Basal+LumA+LumB",2.69357883089578
"PRKCQ-AS1",3,"Her2+LumA+LumB",2.67017011928613
"WNT10A",3,"Her2+LumA+LumB",2.58985567282501
"CIBAR2",3,"Basal+Her2+LumA",2.57426003300258
"LAIR2",3,"Basal+LumA+LumB",2.56752728321522
"PLA2G2A",3,"Basal+Her2+LumA",2.44528597489101
"C7",3,"Basal+Her2+LumA",2.44500448509607
"IGHA2",3,"Her2+LumA+LumB",2.40741280478262
"CARMIL2",3,"Her2+LumA+Normal",2.38417112152736
"MTCO1P53",3,"Basal+LumB+Normal",2.34550626823135
"GBP6",3,"Basal+Her2+LumB",2.33157772634352
"CCL24",3,"Basal+Her2+Normal",2.28936161984204
"TNFSF18",3,"Her2+LumA+LumB",2.27666297953296
"IGHV5-78",3,"Basal+Her2+LumA",2.27369815329873
"CD300LG",3,"Basal+Her2+LumA",2.25192867433363
"MEOX1",3,"Her2+LumA+LumB",2.20152606635195
"CHRDL1",3,"Her2+LumA+LumB",2.1634877734221
"IL33",3,"Her2+LumA+LumB",2.1533105838733
"P2RY13",3,"Basal+Her2+LumB",2.10609500074828
"SYNE3-AS1",3,"Her2+LumA+LumB",2.03189112945632
"IGHV3-41",3,"Basal+Her2+Normal",2.01608615954862
"RUNX3",3,"Her2+LumA+LumB",1.98417349054169
"RHCG",3,"Her2+LumB+Normal",1.98188344508306
"FREM1",3,"Her2+LumA+LumB",1.95192227322106
"LINC01914",3,"Basal+Her2+LumB",1.93411001725672
"CCL23",3,"Basal+Her2+LumA",1.92190826949575
"RAB37",3,"Basal+Her2+Normal",1.91762267189426
"CADM3",3,"Her2+LumA+LumB",1.91667619861474
"IL1R2",3,"Her2+LumA+LumB",1.91351821283688
"IL22RA2",3,"Her2+LumA+LumB",1.89442626372567
"FGFBP2",3,"Her2+LumA+LumB",1.86375956851443
"SOCS1",3,"Her2+LumA+LumB",1.8578024392719
"LIMD2",3,"LumA+LumB+Normal",1.84617773063853
"SIGLEC12",3,"Basal+LumA+LumB",1.82803772981972
"SUCNR1",3,"Her2+LumB+Normal",1.79583477684739
"SLCO5A1",3,"LumA+LumB+Normal",1.78783247046799
"EXOC3L4",3,"Basal+Her2+Normal",1.77558039365065
"ITPRIPL1",3,"Her2+LumA+LumB",1.75827314012592
"HAPLN3",3,"Her2+LumA+LumB",1.73520371059215
"DUSP2",3,"Her2+LumA+LumB",1.7313285839135
"ECEL1",3,"Basal+Her2+LumA",1.73091608336349
"RCSD1",3,"Her2+LumA+LumB",1.72908513171057
"P2RY12",3,"Basal+Her2+LumB",1.7096693951264
"IL12RB2",3,"Her2+LumA+LumB",1.70506729059212
"TOX-DT",3,"Her2+LumA+LumB",1.68722889552949
"DCSTAMP",3,"Her2+LumB+Normal",1.67941584696882
"TACR1",3,"Her2+LumA+LumB",1.67534973342567
"LINC02884",3,"Basal+Her2+LumA",1.67327189637511
"BCL11A",3,"Her2+LumA+LumB",1.63870940289716
"MATK",3,"Her2+LumA+Normal",1.62984283923561
"MMRN1",3,"Basal+Her2+LumA",1.61183663261529
"TFAP2E-AS1",3,"Her2+LumA+LumB",1.60182212172392
"IGF1",3,"Her2+LumA+LumB",1.59443575434023
"POMC",3,"Her2+LumA+LumB",1.5642598864753
"GGTA1",3,"Her2+LumA+LumB",1.53779680227073
"CCR5AS",3,"Basal+LumA+LumB",1.53104944383022
"AGAP2",3,"Basal+LumA+LumB",1.51941307248995
"SIGLEC14",3,"Basal+LumA+LumB",1.51422931753498
"CD80",3,"Basal+LumB+Normal",1.51053760814152
"APOE",3,"Her2+LumA+LumB",1.47548316862182
"LOC105369213",3,"Her2+LumA+LumB",1.47392925280465
"PLCG2",3,"Her2+LumA+LumB",1.47392925280465
"ACSL5",3,"Basal+Her2+LumB",1.47298366851343
"ADGRG3",3,"Her2+LumA+LumB",1.47295119759242
"CTSG",3,"Basal+LumA+LumB",1.4663731536315
"INMT",3,"Her2+LumA+LumB",1.45990560767974
"HCK",3,"Basal+Her2+LumB",1.45883320048405
"KLHDC7B-DT",3,"Her2+LumA+LumB",1.45251020288046
"BMP6",3,"Her2+LumA+LumB",1.4444030566066
"BCL2L14",3,"Her2+LumA+LumB",1.43094147111763
"CCL11",3,"Her2+LumA+LumB",1.4149173538561
"MYO7A",3,"Basal+Her2+Normal",1.4133275500239
"ENPP2",3,"Her2+LumA+LumB",1.40524193772121
"XAF1",3,"Basal+LumB+Normal",1.39670269506336
"TDRD6",3,"Her2+LumA+LumB",1.38445595938293
"SLC7A7",3,"Basal+Her2+LumB",1.37734934753149
"DPEP1",3,"Her2+LumA+LumB",1.37446257706051
"SLC6A12",3,"Basal+Her2+LumB",1.37354469800255
"CLIC5",3,"Basal+Her2+LumB",1.37280202856715
"ABCA8",3,"Her2+LumA+LumB",1.37168419322487
"LINC02345",3,"Basal+LumB+Normal",1.36391746311006
"HCP5",3,"Basal+LumA+LumB",1.36038537190061
"PCOLCE2",3,"Her2+LumA+Normal",1.35074105941646
"LINC02908",3,"Basal+Her2+Normal",1.34937052786781
"IL7",3,"Basal+LumA+LumB",1.34803733105446
"CLEC7A",3,"Basal+LumA+LumB",1.33503064644228
"MAP1LC3C",3,"Basal+Her2+LumA",1.3331848568498
"PRDM8",3,"Basal+Her2+LumA",1.32219884586587
"BTN3A3",3,"Basal+LumA+LumB",1.32139536777135
"LSP1",3,"Her2+LumA+LumB",1.32008719973887
"SIGLEC7",3,"Basal+LumB+Normal",1.31266833458879
"IL34",3,"Her2+LumA+LumB",1.31232824547763
"CCL2",3,"Basal+LumA+LumB",1.30970376668425
"NPL",3,"Her2+LumB+Normal",1.30781526658354
"C1S",3,"Basal+LumA+LumB",1.29544336440636
"TNXB",3,"Her2+LumA+LumB",1.29137512803736
"APOL6",3,"Basal+LumA+LumB",1.29059001433086
"NRROS",3,"Her2+LumA+Normal",1.29007211496987
"RARRES1",3,"Basal+LumA+LumB",1.28725478408403
"SOWAHD",3,"Her2+LumA+Normal",1.28224022344932
"BTNL9",3,"Basal+Her2+LumA",1.28096540598893
"CELF2",3,"Her2+LumA+LumB",1.28062449934172
"FCER1G",3,"Basal+Her2+LumB",1.27992260478842
"NLRP3",3,"Basal+LumA+LumB",1.27851655637427
"BATF3",3,"Her2+LumA+LumB",1.27678975292954
"GPBAR1",3,"Basal+LumA+LumB",1.27366650894993
"PSMB10",3,"Basal+Her2+LumB",1.25862951338294
"TNFAIP8",3,"Basal+LumA+Normal",1.25694851634379
"CD180",3,"Her2+LumA+LumB",1.25408800843551
"TNFRSF4",3,"Her2+LumA+LumB",1.25253732714342
"SENCR",3,"Her2+LumA+LumB",1.25166679153747
"PTGDR",3,"Her2+LumB+Normal",1.24765015006641
"LILRA6",3,"Her2+LumB+Normal",1.24753921107732
"ITGAM",3,"Basal+Her2+Normal",1.24561689817666
"TCF7",3,"Basal+Her2+LumA",1.24276922062926
"SLC1A3-AS1",3,"Her2+LumA+LumB",1.23816802579315
"CD83",3,"Her2+LumA+Normal",1.23537818854711
"CD33",3,"Basal+Her2+LumB",1.23324429048943
"SRL",3,"Basal+Her2+LumA",1.2307743927833
"LOC107985876",3,"Her2+LumA+LumB",1.22695663389453
"CCRL2",3,"Basal+LumB+Normal",1.22133923319397
"IFI44L",3,"Basal+LumA+Normal",1.2170839628801
"CYBA",3,"Her2+LumA+LumB",1.20309461426727
"P2RX7",3,"Basal+Her2+LumB",1.20217175584397
"LY86",3,"Basal+LumA+Normal",1.19264453141734
"REC8",3,"Basal+Her2+LumA",1.19062862356124
"C19orf38",3,"Basal+Her2+Normal",1.18689938949929
"HLA-H",3,"Basal+Her2+LumA",1.1821544630671
"RGS1",3,"Basal+LumA+LumB",1.18081960147536
"BTN3A1",3,"Basal+LumA+LumB",1.17759070574968
"CASP10",3,"Basal+LumA+LumB",1.17613276684043
"PLCL2",3,"Basal+Her2+LumA",1.17048441998658
"PILRA",3,"Basal+LumB+Normal",1.15650526764155
"COTL1",3,"Her2+LumA+LumB",1.15537396669872
"HLA-G",3,"Basal+Her2+LumA",1.14834352694931
"PRAM1",3,"Basal+LumA+LumB",1.14264139301311
"VAMP5",3,"Basal+LumA+LumB",1.13530725500944
"TMEM176B",3,"Her2+LumA+LumB",1.13002688891363
"CSF1R",3,"Basal+Her2+LumB",1.11356460177845
"FMO1",3,"Her2+LumA+LumB",1.10929305805817
"HAMP",3,"Basal+LumA+LumB",1.1026327341254
"MIR3667HG",3,"Her2+LumA+LumB",1.09999646177684
"FAM20A",3,"Basal+LumA+LumB",1.09947427264209
"ABCA6",3,"Her2+LumA+LumB",1.09882410754089
"SLC15A3",3,"Basal+LumA+LumB",1.09183035847893
"BIRC7",3,"Her2+LumA+LumB",1.08985336092768
"MS4A4E",3,"Basal+Her2+LumA",1.08788601084168
"GRAP",3,"Basal+LumA+Normal",1.08391935933976
"GRAPL",3,"Basal+LumA+Normal",1.08391935933976
"GALNT12",3,"LumA+LumB+Normal",1.07878802421888
"LYN",3,"Her2+LumA+LumB",1.07649287961818
"IFIT3",3,"Basal+LumA+LumB",1.06774431750828
"ACSM5",3,"Basal+Her2+LumB",1.06321698708139
"RTP4",3,"Her2+LumA+LumB",1.04300558992061
"GLIPR2",3,"Her2+LumA+LumB",1.04223386725066
"IGLV4-3",2,"Basal+Her2",5.66588394455314
"TRBV15",2,"Basal+Her2",4.350941880827
"IGKJ4",2,"Basal+Her2",4.01005350744836
"TRAV22",2,"Basal+Her2",3.98985805491743
"TRBV12-3",2,"Basal+Her2",3.9885600370926
"CXCL13",2,"Basal+Her2",3.91143010442864
"IGHV3-52",2,"Basal+Her2",3.89598480231981
"SLC22A31",2,"Her2+LumB",3.86047562117721
"IGHV1OR21-1",2,"Basal+Her2",3.77528207971214
"IGKV1-13",2,"Basal+Her2",3.75733616049436
"IGKJ3",2,"Basal+Her2",3.6805619343411
"IGHV3-6",2,"Basal+Her2",3.59818273786729
"FMO3",2,"Basal+Her2",3.57554182124765
"IGLVI-70",2,"Basal+Normal",3.41759954969448
"IGHV3-63",2,"Basal+Her2",3.40605522808483
"IGHV3-38",2,"Basal+Her2",3.3940930279128
"IGHV3-35",2,"Basal+Her2",3.25544418597047
"TRBV14",2,"Her2+Normal",3.13707080509214
"SCARA5",2,"Her2+LumA",3.07423813098212
"FCGR3B",2,"Basal+LumA",2.97171953962263
"LOC124905743",2,"Basal+LumA",2.97171953962263
"FAM180B",2,"Her2+LumA",2.94764780116689
"IGHV3-19",2,"Basal+Her2",2.82632585537808
"KRT81",2,"LumA+LumB",2.74652792784565
"OLFM4",2,"LumA+LumB",2.55075974835949
"CYP4F8",2,"Basal+Her2",2.53529145562592
"IGKV1D-42",2,"Basal+Her2",2.53314513574324
"CA4",2,"Her2+LumA",2.50416175927176
"DLK1",2,"LumA+LumB",2.48215957544047
"CRISP3",2,"Basal+Normal",2.4608699963576
"DES",2,"Her2+LumA",2.45348458198311
"BCL11B",2,"LumA+LumB",2.4405523106592
"TLX1",2,"Her2+LumB",2.41925545946807
"BFSP2",2,"Basal+Her2",2.37248113816427
"ADH1B",2,"Her2+LumA",2.36782162440979
"DKK1",2,"Her2+LumB",2.33420854634152
"GPR12",2,"Her2+LumA",2.28619724875305
"DACT2",2,"Her2+LumA",2.28421417545353
"HSD11B1-AS1",2,"Her2+LumA",2.2138841284301
"KIF19",2,"Her2+LumA",2.18977474803143
"IL17REL",2,"Basal+Normal",2.12615661424722
"TNMD",2,"Her2+LumA",2.07577003894724
"SELE",2,"Her2+LumA",2.0528237259441
"PLCXD3",2,"Her2+LumA",2.03612291721935
"S100B",2,"Her2+LumA",2.00252811302548
"LOC102723878",2,"Basal+Normal",1.98523620899714
"KLHL14",2,"Her2+Normal",1.98063945409195
"KEL",2,"Basal+Her2",1.97333589801191
"TMEM132C",2,"Her2+LumA",1.97171890726773
"GDF10",2,"Her2+LumA",1.94680941289518
"SUGCT-AS1",2,"LumB+Normal",1.93099575750644
"ZFP57",2,"Her2+LumB",1.92788411534282
"TMEM156",2,"Basal+LumA",1.91879276111448
"ADIPOQ",2,"Her2+LumA",1.88643167932199
"FABP4",2,"Her2+LumA",1.86742188363453
"HSPB6",2,"Her2+LumA",1.86504632757977
"IGLV1-50",2,"Basal+LumA",1.85861806268501
"LINC01484",2,"Basal+Her2",1.85545353133743
"CD1A",2,"Basal+Her2",1.82989534352289
"LTK",2,"LumA+LumB",1.82708863958571
"S100A8",2,"Basal+LumB",1.81847902158844
"IL6",2,"LumA+Normal",1.80561591851766
"AQP7",2,"Her2+LumA",1.80132716270917
"VNN1",2,"Her2+LumB",1.80095360961649
"A2ML1",2,"Basal+Her2",1.77495492136133
"PTGFR",2,"Her2+LumA",1.76796758812285
"MTCO3P12",2,"Basal+LumA",1.75562710601176
"C6",2,"Her2+LumA",1.74575439568458
"SLC19A3",2,"Her2+LumA",1.74557747274056
"GPD1",2,"Her2+LumA",1.74394412167165
"TRARG1",2,"Her2+LumA",1.70420552673509
"NME8",2,"Basal+Normal",1.66879642209881
"DUSP9",2,"LumA+LumB",1.65807057008173
"PLD4",2,"Basal+Her2",1.64583617356482
"GAPT",2,"Basal+Her2",1.64466012806515
"RASGRF1",2,"LumA+LumB",1.64422100247543
"TSPAN7",2,"Her2+LumA",1.64154328308426
"TMEM100",2,"Her2+LumA",1.62547865471808
"LOC105375977",2,"LumA+LumB",1.62163772713727
"CD300LB",2,"LumA+Normal",1.61385279727045
"TGM2",2,"Basal+LumB",1.61217249894543
"CCL3",2,"Basal+Normal",1.61039311329791
"PLIN1",2,"Her2+LumA",1.60720018171443
"SIGLEC16",2,"Basal+LumB",1.60400493376733
"CIDEA",2,"Her2+LumA",1.60166813756617
"HP",2,"Her2+LumA",1.59319383053964
"SERPINA1",2,"Basal+LumB",1.58770906893725
"AQP9",2,"LumB+Normal",1.58683156546779
"RSPO3",2,"Basal+Her2",1.58224639040138
"C11orf16",2,"Basal+LumA",1.57936335557267
"FCGR1A",2,"Basal+LumB",1.57913734764964
"PTX3",2,"Her2+LumA",1.57894106796846
"IL27",2,"Basal+LumB",1.56827796403384
"G0S2",2,"Her2+LumA",1.56245179573224
"SPNS3",2,"LumA+LumB",1.54454960174979
"AVPR2",2,"Her2+LumA",1.5393034500033
"FCGR3A",2,"Basal+LumB",1.51841182302068
"NFATC2",2,"Basal+Her2",1.51227237039194
"TNNT3",2,"LumA+LumB",1.50997556002693
"LOC105370792",2,"Her2+LumB",1.50536937034094
"CH25H",2,"Her2+LumA",1.49896416153118
"PNMA3",2,"Her2+LumA",1.49416626049788
"PRG4",2,"Her2+LumA",1.49221004912613
"GRAMD1B",2,"Basal+LumB",1.48881491494947
"CSAG2",2,"Basal+LumB",1.48806274146531
"CSAG3",2,"Basal+LumB",1.48806274146531
"WNT10B",2,"Her2+LumA",1.48752575308066
"APOL4",2,"Basal+LumB",1.48122166371215
"CA3",2,"Her2+LumA",1.47933944875729
"FAM110D",2,"Her2+LumA",1.47471054397947
"PBX4",2,"Her2+LumA",1.46210775229344
"DHH",2,"Her2+LumA",1.46187557807594
"LINC01679",2,"LumA+LumB",1.45951203592121
"EPHB6",2,"Her2+LumA",1.45636575867718
"FMO2",2,"Her2+LumA",1.45241712226514
"ICAM2",2,"Her2+LumA",1.44433230099133
"KLK1",2,"LumA+LumB",1.44019716615739
"PIGR",2,"Basal+LumA",1.43980388629888
"RSAD2",2,"Basal+Normal",1.42844816946386
"RPL7AP64",2,"Basal+Her2",1.42522560413621
"VIM-AS1",2,"Her2+LumA",1.41708733713788
"LYL1",2,"Her2+LumA",1.41021968947204
"CLIC3",2,"Her2+LumB",1.40908820992395
"DPT",2,"LumA+LumB",1.39670624591449
"B2M",2,"Basal+LumA",1.39354089651168
"HAVCR2",2,"Basal+LumB",1.38536695964854
"CHST2",2,"Her2+LumA",1.38366761778976
"CCL7",2,"Basal+LumB",1.38337804344775
"C3AR1",2,"Basal+LumB",1.38074792906442
"DOCK10",2,"Basal+Her2",1.38012275538587
"ADAM28",2,"Basal+Her2",1.37973193224212
"ADM5",2,"Her2+LumA",1.37726907126602
"NFAM1",2,"Basal+Her2",1.37682095275539
"NR4A3",2,"LumA+Normal",1.37511438245886
"C2CD4B",2,"LumA+Normal",1.36899373371575
"IL18",2,"Her2+LumA",1.36884574706232
"SERPINF2",2,"Her2+LumB",1.36567698406716
"PRRT4",2,"Her2+LumA",1.36422111211106
"GJD3",2,"Basal+Her2",1.36353325029931
"HAS1",2,"LumA+LumB",1.36187764719431
"PTK2B",2,"Basal+Her2",1.35836774379451
"GPX3",2,"Her2+LumA",1.35354846697244
"SAMD9",2,"Basal+Normal",1.35054456651617
"GFRA2",2,"Her2+LumA",1.34523646541064
"BMX",2,"Her2+LumA",1.34416284152771
"SLC17A9",2,"Her2+LumB",1.33832959585871
"SEL1L3",2,"LumA+LumB",1.33586327683873
"GPRIN3",2,"Basal+Her2",1.32594844651213
"BIN1",2,"Her2+LumA",1.31020950603906
"CAVIN2",2,"Her2+LumA",1.30872554068074
"LRRC2",2,"LumA+LumB",1.30855689770134
"CRHBP",2,"Her2+LumA",1.30456790478586
"LINC00239",2,"LumA+LumB",1.30167030115492
"LINC02188",2,"LumA+LumB",1.30054095149376
"PCED1B",2,"Basal+Her2",1.29476772906799
"P2RY6",2,"LumA+LumB",1.29040505723814
"FAM177B",2,"Basal+LumA",1.2879615939299
"FCHO1",2,"LumA+LumB",1.28753429699463
"CMPK2",2,"Basal+Normal",1.28611199408474
"SCN4A",2,"Her2+LumA",1.283759063515
"TREML1",2,"Basal+Her2",1.28346243326054
"ITGA4",2,"Basal+Her2",1.27866606372335
"SCO2",2,"Her2+Normal",1.27768007764475
"EGFL6",2,"LumA+LumB",1.27740810773882
"S1PR1",2,"Her2+LumA",1.27312515986968
"GPR84",2,"Basal+LumB",1.27112965040623
"CLEC4F",2,"Her2+LumA",1.26734977756577
"INSL3",2,"Basal+Her2",1.26328661346486
"CHST13",2,"LumA+Normal",1.26156598275212
"TMEM71",2,"Her2+LumB",1.25997675383361
"CXCL3",2,"Her2+LumA",1.25842569849126
"NMUR1",2,"Her2+LumA",1.25709344537417
"LIPG",2,"Her2+LumA",1.25606239677079
"CXCR4",2,"Her2+LumA",1.25233114498487
"RASSF5",2,"Basal+LumA",1.25163189673851
"HS3ST2",2,"LumA+Normal",1.2433337019686
"MILR1",2,"Basal+LumB",1.24330125500384
"CD300E",2,"LumA+LumB",1.23800980505429
"LGALS9",2,"Basal+LumA",1.22570236679018
"LGALS9C",2,"Basal+LumA",1.22570236679018
"CHI3L1",2,"Her2+LumB",1.22439379741498
"CXCL1",2,"LumA+Normal",1.2222308545882
"LIPE",2,"Her2+LumA",1.21845658753054
"ITIH5",2,"Her2+LumA",1.21617748469835
"PARP14",2,"Basal+Normal",1.20837947722128
"LAT2",2,"Basal+Her2",1.2071382881982
"ABCA9",2,"Her2+LumA",1.20485954878241
"MMP7",2,"Her2+LumB",1.19858261272826
"PLEKHF1",2,"Basal+Her2",1.19621134581115
"GYPC",2,"Her2+LumA",1.19606018186634
"OASL",2,"Basal+LumA",1.19583879506182
"WDR86-AS1",2,"Basal+LumA",1.19515155568622
"RIPK3",2,"Basal+Her2",1.19395399081521
"MARCHF1",2,"Basal+Normal",1.19174508358366
"RASSF2",2,"Her2+LumA",1.18609981376386
"FCER1A",2,"Her2+LumA",1.18477473327129
"PELATON",2,"LumB+Normal",1.18458023721421
"LRRC25",2,"Basal+LumB",1.18286413400603
"ACP5",2,"Her2+Normal",1.18016827609847
"SAA1",2,"Her2+LumA",1.17780271555447
"HLA-A",2,"Basal+LumA",1.17772470298479
"SH3BP1",2,"Her2+LumA",1.17425241525193
"ADAMTS1",2,"Her2+LumA",1.17365047662971
"GSDMA",2,"LumA+LumB",1.16646001199032
"DDX60",2,"Basal+Normal",1.16425912674364
"SOX8",2,"Her2+LumA",1.16024683234324
"FUOM",2,"Her2+LumA",1.15892289438318
"ADGRD1",2,"LumA+LumB",1.15687439472782
"GNG2",2,"Her2+LumA",1.15664249633879
"CDX1",2,"Her2+LumA",1.15621848051661
"OAS2",2,"Basal+Normal",1.15256248876002
"TFPI2",2,"Her2+LumB",1.15108125033968
"PSMB8",2,"Basal+LumB",1.14975980207136
"PAG1",2,"LumA+Normal",1.14501438486431
"PLTP",2,"Her2+LumB",1.14492062891496
"FYN",2,"Her2+LumA",1.144291836154
"CETP",2,"LumA+Normal",1.13886022171338
"ETS1",2,"Her2+LumA",1.13456661956083
"ITGA7",2,"Her2+LumA",1.13377474982614
"PLEKHO1",2,"LumA+LumB",1.12008682272916
"MX2",2,"LumA+Normal",1.12002958773066
"TMEM176A",2,"Her2+LumA",1.11828371561785
"SH2D3C",2,"Her2+LumA",1.11613249401051
"ALOX5",2,"Her2+LumB",1.11514659435605
"RLN2",2,"Her2+LumB",1.11107123792337
"HSPA7",2,"Basal+Her2",1.11018127695027
"LINC02202",2,"Her2+LumA",1.10743122572612
"ST8SIA4",2,"Basal+Her2",1.10579637323657
"SLC2A6",2,"Basal+Normal",1.10378904586021
"MGC12916",2,"LumA+LumB",1.10293868582147
"ASGR1",2,"Her2+LumA",1.09709652995662
"APOL2",2,"Basal+LumB",1.09332842121023
"TCN2",2,"LumA+LumB",1.09038086142551
"DOCK11",2,"LumA+Normal",1.0866910356841
"AOC1",2,"LumA+LumB",1.08559708496162
"SLC1A3",2,"Her2+LumB",1.08118771469416
"PRDM1",2,"Basal+LumB",1.07655188098658
"TSPOAP1-AS1",2,"Basal+LumA",1.07551296125836
"ISG20",2,"LumA+LumB",1.07530858503387
"ABCA10",2,"Her2+LumA",1.0729676246016
"LOC105378305",2,"LumB+Normal",1.07280919664554
"TMEM37",2,"Her2+LumA",1.06753204703955
"HERC6",2,"Basal+LumA",1.06464593412017
"MCTP1",2,"Her2+LumA",1.05590223230662
"TMEM119",2,"LumA+LumB",1.05171486663563
"MLKL",2,"Basal+LumB",1.04941022526698
"PIM1",2,"Her2+Normal",1.04720955377668
"ADRB2",2,"Basal+Her2",1.03813605662382
"RHEX",2,"LumA+LumB",1.03567354731371
"SEMA4D",2,"Basal+Her2",1.02051869114661
"CFH",2,"LumA+LumB",1.0155601267063
"OAS3",2,"Basal+Normal",1.01216937031429
"CGA",1,"Basal",10.5654436082221
"MAGEA3",1,"LumB",5.56536931007615
"MAGEA6",1,"LumB",5.56536931007615
"FGG",1,"Normal",5.46020529167312
"PAX7",1,"Normal",5.16516764233312
"KRT13",1,"Her2",5.16142416616954
"IGHV1-14",1,"Her2",4.92605173819004
"AFAP1-AS1",1,"Her2",4.70497185150941
"INA",1,"LumB",4.67373465451073
"TRBV13",1,"Basal",4.66808714849509
"AMTN",1,"Normal",4.55331913654036
"VMO1",1,"Basal",4.37363117308269
"ART3",1,"Her2",4.21304237964244
"TRAV25",1,"Basal",4.14435045402806
"SPANXB1",1,"LumB",4.07434588274504
"TARP",1,"Basal",4.04405954543727
"TRGC1",1,"Basal",4.04405954543727
"TDRD12",1,"Her2",3.98609777189918
"MIR4539",1,"Normal",3.83644088879661
"IGLV5-48",1,"Basal",3.77744155760979
"TRAV6",1,"Basal",3.75047513994278
"LINC02195",1,"Basal",3.73951284861902
"PLP1",1,"LumB",3.73950646382362
"COL11A2",1,"Her2",3.71225922377438
"TRDV2",1,"Her2",3.67358884047061
"IGHV7-81",1,"Basal",3.63442218361114
"DCD",1,"Basal",3.60613440152885
"IGKV2-26",1,"Her2",3.60478069061333
"CSAG1",1,"LumB",3.55538866222556
"CYP2A7",1,"LumA",3.51876306655182
"CIMIP2B",1,"Her2",3.42878822119517
"PTCHD3",1,"Her2",3.42572805868601
"GDF9",1,"LumA",3.32392448271139
"TRAV36DV7",1,"Her2",3.22886632454509
"TRGV4",1,"Basal",3.2264343082048
"CLDN9",1,"Her2",3.11907098261637
"RHOH",1,"Basal",3.10490172620651
"IGHE",1,"Basal",3.10132708435192
"SLC6A4",1,"Her2",2.93189030557407
"MYO16",1,"LumB",2.78892315107306
"ATP6V0D2",1,"Normal",2.78528794287714
"SP5",1,"Basal",2.7231587794332
"LOC105370969",1,"LumB",2.66120205440289
"APOA1",1,"LumB",2.62900472050324
"ITIH2",1,"LumB",2.5715857672759
"MMP12",1,"Normal",2.55309690157158
"COCH",1,"Normal",2.5445776461666
"MMP9",1,"Normal",2.4540912485661
"CRYM",1,"LumA",2.4352193451734
"TMEM108",1,"Her2",2.38480245669147
"KRT86",1,"LumA",2.37971182668197
"ABO",1,"Her2",2.35114115417004
"SERPINA9",1,"Basal",2.34204359620713
"ORM2",1,"Basal",2.33237356289917
"CST4",1,"LumA",2.2980653992549
"EFNA2",1,"Her2",2.29223891963739
"STK31",1,"LumB",2.28928459136007
"THRSP",1,"LumB",2.26412076258038
"RASGRP1",1,"Her2",2.25954373954347
"TTC16",1,"Basal",2.25724974373131
"LEP",1,"LumA",2.23441580487379
"RNF212",1,"Her2",2.22135975822878
"TRGV5P",1,"Normal",2.21775978028667
"SPAG6",1,"Her2",2.2125901926145
"TENT5C",1,"Basal",2.20069385464265
"HSH2D",1,"Basal",2.19511202270608
"DHRS9",1,"Basal",2.18840323537005
"PKIA",1,"Her2",2.18777092385687
"CYSLTR1",1,"Basal",2.17344888426539
"LTF",1,"Basal",2.15860192078684
"STAR",1,"Basal",2.12998909761364
"DUSP26",1,"Her2",2.12322782069671
"TDO2",1,"Normal",2.12319041273904
"RBP5",1,"Basal",2.11971957305952
"GP2",1,"Basal",2.10922367979098
"GPR132",1,"Her2",2.10034507439507
"RBM20",1,"LumB",2.09740530352573
"SOD3",1,"Her2",2.08352846117726
"KCNA5",1,"Her2",2.08234364720562
"TLR7",1,"Basal",2.07853754432059
"SLC15A1",1,"Her2",2.062451660167
"ATOH8",1,"LumA",2.03200468618979
"GPR141",1,"Basal",2.02376213763191
"IQSEC3",1,"LumB",2.01791691600204
"LINC03040",1,"LumB",2.0164788237406
"ALOX15",1,"Her2",2.00655636883483
"PLAAT4",1,"Basal",1.99805374067698
"CIDEC",1,"LumA",1.99673824903507
"RTN1",1,"Her2",1.99308881925836
"SFTPD",1,"Basal",1.99287665076353
"LINC02587",1,"LumA",1.98245986347276
"UGT2B4",1,"LumB",1.98111380720479
"S100A9",1,"Basal",1.9736158036031
"CXCR1",1,"Basal",1.97266459066734
"CYP24A1",1,"Her2",1.97065740519418
"MUC16",1,"Normal",1.96242510452255
"SLC22A3",1,"LumA",1.96209849150523
"RBP4",1,"LumA",1.93437032863749
"EPIST",1,"LumA",1.93203862881735
"NSG1",1,"Her2",1.93162969565374
"AADAC",1,"LumA",1.92761891757541
"AMBP",1,"LumB",1.91942292335443
"SLC30A2",1,"Her2",1.91708854321636
"NRG3",1,"Her2",1.91556029389306
"C4A",1,"Basal",1.90777063546563
"C4A_2",1,"Basal",1.90777063546563
"C14orf180",1,"LumA",1.89453148886529
"LINC02620",1,"LumA",1.89297294811277
"MMP1",1,"LumB",1.89097890192163
"TNF",1,"Her2",1.88773703941924
"ANK1",1,"Her2",1.88380351681037
"KLK14",1,"Her2",1.8746421550032
"PDGFRL2P",1,"Normal",1.8657376389503
"ACY3",1,"Basal",1.85455163133101
"CDO1",1,"Her2",1.81809053916897
"MEOX2",1,"LumA",1.80099356094979
"RAB3C",1,"Basal",1.80054821875139
"LINC01124",1,"Basal",1.79541274503483
"PLIN4",1,"LumA",1.79247457989299
"HIF3A",1,"LumA",1.78511905121969
"SLC23A1",1,"Basal",1.77262336442386
"LY75",1,"Her2",1.76964908520336
"CHRNA6",1,"Basal",1.76921148031522
"TSHZ2",1,"LumB",1.76624001935381
"SLC7A10",1,"LumA",1.75551439071129
"EPYC",1,"LumB",1.74551423348364
"IL27RA",1,"Her2",1.73566966609674
"LINCADL",1,"LumA",1.73494137918737
"FAM107A",1,"LumA",1.72617826264662
"EYA1",1,"LumB",1.72022180197922
"MT1H",1,"LumB",1.71127571077866
"RAMP2-AS1",1,"Her2",1.71017902513205
"CLDN5",1,"LumA",1.70229473822151
"GPAT2",1,"Her2",1.69820463765116
"LOC128966744",1,"Her2",1.69820463765116
"SIM1",1,"LumA",1.69709156375118
"DCX",1,"LumB",1.67884036831043
"ORM1",1,"Basal",1.67368169600079
"ANKRD22",1,"Basal",1.65574162275135
"MMP3",1,"LumB",1.65555622246404
"ACHE",1,"LumB",1.6542201083031
"C4B",1,"Basal",1.65302741284896
"RERGL",1,"LumA",1.65263277464701
"FOLR1",1,"LumA",1.64916233954872
"GAL",1,"LumB",1.64731376841715
"FSD1",1,"Her2",1.64352088604502
"REM1",1,"Basal",1.64178952260861
"CNNM1",1,"LumB",1.63927565652541
"PLAC9",1,"LumA",1.63654020713521
"SAA2",1,"Her2",1.63515341256285
"CST1",1,"LumB",1.6331243662928
"POU3F1",1,"Her2",1.63259079142687
"GLYAT",1,"LumA",1.6325087407443
"CAPN6",1,"LumA",1.63124594736008
"GCSAM",1,"Basal",1.62877818960997
"RAB39A",1,"LumB",1.62637031314306
"CEL",1,"Her2",1.62139302012536
"VSIG4",1,"Basal",1.61968684767076
"ACBD7",1,"Her2",1.61663315068927
"RAET1E",1,"LumB",1.61519651933319
"GNG4",1,"LumB",1.61405931705113
"LILRA1",1,"Basal",1.60896035088051
"COXFA4L3",1,"Basal",1.60760990022817
"COL2A1",1,"Normal",1.60645571640561
"LINC02481",1,"Basal",1.60303829959647
"EID3",1,"Her2",1.60127569467682
"ALOX15B",1,"Basal",1.60076985062336
"ADRA2A",1,"Basal",1.59970735476716
"RDH10",1,"LumB",1.59287735767094
"TRPV3",1,"LumB",1.58957441954069
"SFTPA2",1,"LumB",1.58883815897272
"CNTFR",1,"Her2",1.58761750926231
"PCBP3",1,"LumB",1.58498596954135
"VEGFD",1,"LumA",1.58255453988026
"GPIHBP1",1,"LumA",1.58135420733245
"PPP1R14C",1,"Her2",1.58063849251164
"ZBTB16",1,"Basal",1.57853339744238
"S100A12",1,"Basal",1.57457818698393
"MT1M",1,"LumA",1.56714587721991
"SCGB3A1",1,"LumA",1.56471138713346
"LGALS12",1,"LumA",1.56019668397241
"C5AR1",1,"Normal",1.54973187436177
"SYCE1L",1,"LumA",1.54186290337958
"HDC",1,"Her2",1.54051955972863
"AKR1C1",1,"Her2",1.53951711066747
"SPINK5",1,"Basal",1.53871872319084
"OBP2B",1,"LumA",1.53234505405846
"SGCG",1,"Her2",1.52108070284341
"CELF4",1,"Her2",1.51450485213564
"CARD9",1,"LumB",1.51437954936847
"RIMS1",1,"Normal",1.51347845998256
"KCNIP2",1,"LumA",1.50972317044745
"DLL3",1,"Her2",1.50969351740442
"PAEP",1,"Normal",1.50706271386311
"FLT3",1,"Basal",1.5042523481256
"CSF1",1,"Basal",1.50363301866469
"UBE2L6",1,"Basal",1.4980844758514
"LRFN5",1,"LumB",1.49578977800353
"TAPBPL",1,"Basal",1.49065998430608
"ADGRL3",1,"Her2",1.4883561592488
"THBS4",1,"LumA",1.48622519984213
"TNFRSF25",1,"Her2",1.48264646780062
"UNC13D",1,"LumB",1.48134465507573
"TYRP1",1,"LumB",1.4753955553735
"ANKRD33B",1,"Basal",1.47212469972334
"CFD",1,"LumA",1.46936592536895
"H3C2",1,"LumB",1.46876184304558
"ERAP2",1,"Basal",1.46628280475604
"MMP25",1,"LumB",1.46625309533311
"C4BPA",1,"LumA",1.46243962320273
"SLCO2B1",1,"Basal",1.46234815480943
"TDRD10",1,"LumA",1.45955399547377
"SUSD3",1,"Basal",1.45526476291487
"ALKAL2",1,"LumA",1.45517384808908
"SNX10",1,"Basal",1.44889124799675
"GSTP1",1,"Her2",1.44822371969537
"KCNS1",1,"Her2",1.44678780254626
"ITGA6-AS1",1,"Her2",1.44460719774708
"PDK1-AS1",1,"Her2",1.44460719774708
"CXCL2",1,"LumA",1.44194727784915
"GSTM5",1,"LumB",1.43873725056953
"LINC01819",1,"Her2",1.43207140107161
"CCN6",1,"LumB",1.43184872396038
"PLAAT5",1,"Her2",1.43139600736024
"ANXA2R",1,"LumA",1.42953288665145
"FABP7",1,"Basal",1.42774644420844
"IFNL1",1,"LumB",1.42194272159389
"LBP",1,"Basal",1.42087726193778
"LAP3",1,"Basal",1.41661836119522
"LOC107986473",1,"Basal",1.41659263898492
"LOC107986474",1,"Basal",1.41659263898492
"BATF",1,"Basal",1.41566982969023
"LOC105372668",1,"LumA",1.41213236985007
"ADGRE1",1,"Basal",1.4106263220666
"CHODL",1,"Her2",1.40687261888135
"C17orf114",1,"Her2",1.40625464037299
"SV2B",1,"LumA",1.40504580820146
"PADI3",1,"LumB",1.4031403385224
"CCNA1",1,"LumA",1.40135546830476
"MLC1",1,"Her2",1.40097077998501
"JAK2",1,"Basal",1.3996385781181
"TTC12-DT",1,"Her2",1.39741352116754
"EMID1",1,"Her2",1.39727090829964
"EMB",1,"Basal",1.39605675321167
"ZNF385B",1,"Basal",1.39602499061258
"GCSAML",1,"Basal",1.39353796642248
"LSAMP",1,"Her2",1.39330714260136
"CNTNAP3",1,"Her2",1.38841358842194
"CNTNAP3B",1,"Her2",1.38841358842194
"ALB",1,"Her2",1.38655374578087
"ALDH1L1",1,"LumA",1.38649305050447
"LOC101929667",1,"Basal",1.38476897040092
"NCEH1",1,"Basal",1.38415692065941
"UPK1A",1,"LumA",1.38407675117245
"ACTL8",1,"Basal",1.38247613759865
"BPI",1,"LumA",1.38240368179268
"TLR4",1,"Basal",1.38208746186008
"TH",1,"LumB",1.38148981942331
"SYNPO2",1,"Basal",1.37802220888121
"ZDHHC14",1,"Her2",1.37589765508401
"ADTRP",1,"LumB",1.37495464682474
"AKAP5",1,"Basal",1.37469438846454
"GCH1",1,"Basal",1.37349934481941
"GALM",1,"Basal",1.36684625527898
"OIT3",1,"Her2",1.36485663662572
"DRAIC",1,"Basal",1.36349596654108
"LINC00593",1,"Basal",1.36349596654108
"PCAT29",1,"Basal",1.36349596654108
"CYP2S1",1,"Her2",1.36009325168545
"MGAT3",1,"Her2",1.3577666150215
"LINC02015",1,"Basal",1.35729623081573
"DOC2B",1,"Basal",1.35663886437642
"PRSS2",1,"Basal",1.35124564150821
"DMRT3",1,"Normal",1.34976321781779
"FTCD",1,"Her2",1.34617804099139
"GIPC2",1,"LumA",1.34555905765835
"FBP1",1,"Basal",1.34240873558042
"TAMALIN",1,"LumA",1.34172429257175
"LINC01480",1,"Basal",1.34083642037745
"FHL1",1,"LumA",1.34065664943259
"EGR2",1,"LumA",1.33921768238849
"SMC1B",1,"Normal",1.33614596722186
"SLC52A1",1,"Her2",1.33464088566822
"C1QTNF12",1,"LumB",1.33395719532685
"HSPB7",1,"LumA",1.33381580607749
"FGD3",1,"Basal",1.33182401588083
"IFI44",1,"Normal",1.33020471821014
"CYP4F12",1,"Basal",1.32971403190548
"CMTM7",1,"Her2",1.32940947057084
"DEPP1",1,"LumA",1.32693143838858
"ADGRE2",1,"LumB",1.32565234872911
"NEFH",1,"LumB",1.32519687046543
"NPW",1,"LumA",1.32471356769684
"ITIH3",1,"Her2",1.32163293230735
"ADRA2B",1,"Her2",1.32155931074026
"TNFAIP2",1,"Basal",1.31986605755003
"CUX2",1,"LumB",1.31887217158723
"MS4A7",1,"Basal",1.31793182629819
"AKR1B1",1,"Her2",1.31720095543236
"HRCT1",1,"LumA",1.31429135639672
"DEF6",1,"Her2",1.31059480959971
"LPL",1,"LumA",1.30852771441027
"HOXB8",1,"LumA",1.30810301090266
"CD300C",1,"Basal",1.30452710343932
"IL24",1,"Her2",1.30291536945097
"GPR82",1,"Basal",1.30007957145849
"CD36",1,"LumA",1.29916853208222
"GPR34",1,"Basal",1.29885277944905
"SMTNL2",1,"LumB",1.29855104162558
"ADAM8",1,"Normal",1.29770062980104
"KCNH8",1,"LumA",1.29555389088014
"APOD",1,"LumB",1.2947316134547
"H2AC16",1,"Her2",1.29445481841357
"PTGIS",1,"Her2",1.29409450282442
"PENK",1,"Her2",1.29112274375335
"TMSB4XP4",1,"LumA",1.28598905759045
"LNCEGFL7OS",1,"LumA",1.2845545796139
"TLR3",1,"Basal",1.28389439317295
"KANK3",1,"LumA",1.28274422098521
"CYP4F3",1,"LumB",1.28159234843235
"LGR6",1,"Her2",1.27840581463767
"PTGS2",1,"LumA",1.2773937327292
"CILP",1,"LumB",1.27580025330708
"LRRN4CL",1,"LumA",1.27374538693352
"CHRM1",1,"LumA",1.26989738181195
"SLC16A10",1,"Her2",1.26964956984129
"FOSB",1,"LumA",1.26763062884099
"F10",1,"LumA",1.26740830944864
"CCL20",1,"Her2",1.26557694910144
"FPR1",1,"Basal",1.26434657251069
"TYMP",1,"Basal",1.26329401421644
"TRIM69",1,"Basal",1.26264674763704
"SLC18A2",1,"Normal",1.26152113219898
"IFIH1",1,"Basal",1.2594821641731
"SLAMF9",1,"Normal",1.25912772186415
"CSTA",1,"LumA",1.2591077733765
"THBS4-AS1",1,"LumA",1.25906888264889
"GLI1",1,"LumA",1.25596583981133
"ITM2C",1,"Her2",1.25310139587609
"RUNDC3B",1,"Her2",1.24635494510358
"TTPA",1,"Her2",1.24522429300728
"FKBP5",1,"Basal",1.24017814963309
"GNA15",1,"Her2",1.23998053166482
"EFHD1",1,"Her2",1.23953792735189
"N4BP2L1",1,"Her2",1.23941960698016
"OBP2A",1,"LumA",1.23923620399322
"CYP27B1",1,"LumB",1.23822038607474
"RRAD",1,"LumA",1.23775257586888
"PARP8",1,"Basal",1.2373658743965
"TBXAS1",1,"Basal",1.23473109135921
"HMGB3P29",1,"Basal",1.23242290192398
"ELMO1",1,"Her2",1.23138300483589
"NTRK1",1,"LumB",1.23039149690825
"HPGD",1,"Basal",1.23008268064887
"ROPN1",1,"LumA",1.2297810794872
"CEROX1",1,"LumA",1.22953224082265
"OPRPN",1,"LumA",1.22369985479732
"RELN",1,"LumA",1.22233920330634
"TMEM88",1,"LumA",1.22097245643137
"SLC39A13-AS1",1,"Basal",1.22053329765106
"OSCAR",1,"Normal",1.22024526162216
"SOCS3",1,"Normal",1.21929497255973
"OLR1",1,"Basal",1.21623874751567
"B4GALNT1",1,"LumB",1.21363506899152
"JADE2",1,"Basal",1.20987182928442
"LRRC8C",1,"Her2",1.20942499489415
"LINC02889",1,"Normal",1.20889411605552
"STAT5A",1,"Her2",1.20874028229361
"FABP5",1,"Her2",1.20775419402817
"FCGR1CP",1,"Basal",1.20750452559899
"ANK2",1,"LumA",1.20625589968405
"SIGLEC9",1,"Basal",1.20547989301745
"LINC00607",1,"Her2",1.20391040278534
"CA13",1,"Her2",1.20094099282007
"GTSF1",1,"LumB",1.20039056152086
"CLEC1A",1,"LumA",1.19505505768277
"LINC01354",1,"LumA",1.19376871536439
"ZCCHC18",1,"LumA",1.19072424928418
"LINGO3",1,"Her2",1.18988603413788
"DLGAP3",1,"LumB",1.18988224016833
"F5",1,"Normal",1.18944321588703
"HERC5",1,"Basal",1.18891289836754
"TNFRSF10C",1,"Basal",1.18885328492543
"MFAP4",1,"LumA",1.18786186376261
"ALOX5AP",1,"Basal",1.18771675545118
"SOX17",1,"LumA",1.18423019987998
"WNT2",1,"LumB",1.17950835274041
"TXLNB",1,"Basal",1.17933355956268
"GREP1",1,"LumB",1.1772081093004
"ARHGAP26",1,"Basal",1.17627527589239
"LINC01550",1,"LumA",1.1754080182546
"COLGALT2",1,"Her2",1.17512310211428
"MNX1",1,"LumB",1.17347389587084
"DAPK1",1,"Her2",1.1728765335654
"TSPAN11",1,"LumA",1.172702167187
"KCNK13",1,"Basal",1.17211772845366
"CYP1B1",1,"Her2",1.17182432607388
"CD207",1,"Her2",1.17149498211339
"PREX1",1,"Basal",1.1698053136937
"SPNS2",1,"LumA",1.16668191602588
"LGI4",1,"LumA",1.16596227601005
"PGM5",1,"LumA",1.16518097402689
"TNFSF9",1,"Normal",1.1650154654862
"ECSCR",1,"LumA",1.16436000646452
"CIROZ",1,"Normal",1.16418692807598
"C11orf96",1,"LumA",1.16407734534708
"LPAR5",1,"Basal",1.1605885483273
"CPED1",1,"LumB",1.15926927943754
"IRF9",1,"Her2",1.15912221765136
"BACH2",1,"LumA",1.15856667901986
"UBA7",1,"Basal",1.15557305025535
"PRSS1",1,"Basal",1.15529834803299
"DUOX1",1,"Her2",1.15426911698696
"AFP",1,"LumA",1.15376291820453
"STOX1",1,"Her2",1.15364489923122
"TREM1",1,"Normal",1.15238181298488
"DENND2D",1,"Basal",1.15206669669533
"CYTL1",1,"LumA",1.15199904357305
"PLA2G4A",1,"LumB",1.14973432308813
"CFI",1,"LumA",1.14946263821768
"SLC34A2",1,"Basal",1.14940565604386
"HBA2",1,"LumA",1.14801460534862
"ADD2",1,"Her2",1.14613392410664
"KIF17",1,"Her2",1.1456407637621
"SLC14A1",1,"LumB",1.14552779851289
"DMBX1",1,"Normal",1.14206176223462
"MBNL3",1,"Her2",1.14192448793083
"RAMP3",1,"Her2",1.14111929598722
"SNCG",1,"LumA",1.14068591303229
"NPR1",1,"LumA",1.13983714655359
"MAP7D2",1,"Normal",1.13965063359252
"FAAH2",1,"Basal",1.13898029760736
"TNFRSF18",1,"Her2",1.13876549093594
"TPBGL",1,"Her2",1.13748267844789
"TLR6",1,"Basal",1.13664412754672
"ATP6V1C2",1,"Her2",1.13564007534075
"DPYD",1,"Basal",1.13518761682391
"ISG15",1,"LumA",1.13391300844714
"ESPNL",1,"LumA",1.13290280581148
"STRIP2",1,"Normal",1.13118035596293
"BHLHE40-AS1",1,"Basal",1.13100060766034
"TIMP4",1,"LumA",1.13022317776436
"EBF3",1,"LumA",1.12938880864813
"GBP3",1,"Basal",1.12810157897404
"SLFN5",1,"Basal",1.12685296437347
"RINL",1,"Her2",1.12612478002746
"LOC101927344",1,"Basal",1.12559061626351
"TCF15",1,"LumA",1.12408912606236
"STAC3",1,"Basal",1.12328396459431
"GJC2",1,"LumA",1.12327185915858
"WNT6",1,"LumA",1.12175616714502
"KLF2",1,"LumA",1.12139672824776
"LDHB",1,"Her2",1.12104209951524
"AOC3",1,"LumA",1.12029043174144
"KLRK1-AS1",1,"LumA",1.11850688282614
"SFRP4",1,"LumA",1.11797255962793
"KCNK17",1,"Her2",1.11781733089269
"FAS",1,"Basal",1.11759833377968
"KLK13",1,"LumA",1.11720051930449
"ADAM33",1,"LumA",1.11465154128577
"VSIG1",1,"Normal",1.11228946186171
"SFRP1",1,"LumA",1.11137696955834
"ARHGEF6",1,"Her2",1.11108678482811
"STAG3",1,"Her2",1.10953880241088
"PPARG",1,"Her2",1.10941058731681
"OSM",1,"Normal",1.10935224910709
"BLNK",1,"Basal",1.1087043383574
"ACVR1C",1,"LumA",1.10626014762832
"NRXN2",1,"LumA",1.10561919324238
"SAMD11",1,"LumB",1.10532083184666
"IFITM10",1,"LumA",1.10254332694646
"MIR3150BHG",1,"Normal",1.10238289308439
"LINC02542",1,"Normal",1.10176223143488
"MICB",1,"Basal",1.10153423223679
"ANGPTL8",1,"LumA",1.09987732029457
"GAPLINC",1,"Normal",1.09904258437946
"PTPN6",1,"Basal",1.09902687768978
"WDR38",1,"LumA",1.09721411921229
"HMCN2",1,"LumA",1.09672159694588
"HES2",1,"Her2",1.09601013917268
"MSR1",1,"Basal",1.09392576365476
"SCNN1B",1,"Her2",1.09373470004709
"GATA2",1,"Normal",1.09276113954335
"AQP1",1,"LumA",1.09137119314338
"FCGR2A",1,"Basal",1.09126672944372
"PGGHG",1,"Her2",1.09037043693903
"MBP",1,"Her2",1.08897297360605
"PCK1",1,"LumA",1.08895991067092
"TESC",1,"LumA",1.08798240069881
"HRH2",1,"LumB",1.08709295479352
"ERAP1",1,"Basal",1.08708836847407
"CXCL6",1,"Basal",1.08646393077146
"DRAM1",1,"Basal",1.08573756044396
"SNHG26",1,"LumA",1.08469069977799
"ARID3C",1,"Her2",1.08446637931005
"CES1",1,"LumB",1.08443049043155
"RNF166",1,"LumA",1.08279973689491
"NNAT",1,"LumA",1.07996692546224
"CD101",1,"LumA",1.07995915065553
"ICAM1",1,"Her2",1.07983172397633
"ADAP2",1,"Basal",1.07952124973785
"SIDT1",1,"Basal",1.07926776000207
"TMOD1",1,"LumA",1.07918979349179
"MEDAG",1,"LumA",1.07900658184673
"ZMYND15",1,"Her2",1.07899416136522
"MICB-DT",1,"Basal",1.07653806486539
"LRRC4B",1,"Her2",1.07633921237018
"FNBP1",1,"Basal",1.0740458417098
"LINC02009",1,"LumA",1.07346816165761
"SERPING1",1,"LumB",1.07103510877834
"TMSB15A",1,"Her2",1.07096124885031
"RPL21P16",1,"LumA",1.0706445452738
"SLC51A",1,"Her2",1.07049626627181
"RENBP",1,"LumA",1.07010509334142
"CRYAB",1,"LumA",1.06992326807803
"PECAM1",1,"LumA",1.06966077330118
"SLURP1",1,"LumB",1.06919900127864
"RPL37P19",1,"Her2",1.06914883271077
"NR5A2",1,"LumB",1.06876059497294
"MAP3K14",1,"Basal",1.0673767700638
"STAMBPL1",1,"Normal",1.06705699785531
"SLC27A2",1,"Basal",1.06677844764404
"EXOC1-AS1",1,"Her2",1.06437270382713
"BEND7",1,"Her2",1.06378023243748
"LINC01436",1,"Her2",1.06373269706634
"RASGEF1B",1,"LumA",1.06346738175411
"VWF",1,"LumA",1.06323950255059
"KRT1",1,"LumB",1.06261816992845
"CTSL",1,"Normal",1.06197471338462
"M1AP",1,"Her2",1.06027396550069
"BISPR",1,"Basal",1.06018365509221
"SOAT2",1,"Her2",1.05927887206878
"DTX3L",1,"Basal",1.05859371105357
"NFKBIB",1,"Her2",1.05854497889491
"ST8SIA1",1,"LumA",1.05854257637328
"RGMA",1,"LumA",1.05768774999817
"TNFRSF14",1,"Basal",1.05738743329559
"HRK",1,"LumA",1.0570073405353
"TNFSF15",1,"Basal",1.05634065712565
"NABP1",1,"Normal",1.05625566321409
"CASQ2",1,"LumA",1.05598760986868
"ADAM19",1,"Normal",1.05560842023971
"NFKB2",1,"Basal",1.05517653679808
"KIAA1755",1,"LumA",1.05501983663529
"AOX1",1,"Basal",1.05323976749371
"COLCA1",1,"LumA",1.05096246933794
"TOR4A",1,"Normal",1.05040996039827
"CFAP58-DT",1,"Normal",1.05017823744293
"NEURL3",1,"LumA",1.05009114176987
"LPAR6",1,"Basal",1.04982461945291
"LOC101929756",1,"LumA",1.04810412455721
"PPP1R1A",1,"LumA",1.0479830999625
"DMRT2",1,"LumA",1.04647611688929
"SYNE3",1,"Her2",1.04621841249499
"ARRB2",1,"Her2",1.0462157526531
"PYGM",1,"LumA",1.04560391608683
"PIK3R6",1,"Her2",1.04497571066303
"DAPP1",1,"Basal",1.04363800807962
"LRRK2",1,"Basal",1.04351858650541
"DDX60L",1,"Normal",1.04329828235135
"FAM89A",1,"LumA",1.04270531302921
"IFIT2",1,"Normal",1.04268865238959
"CYRIA",1,"LumA",1.04265052524793
"ADGRG6",1,"LumA",1.04235923077977
"SHE",1,"LumA",1.04225836910906
"RAB4B",1,"Her2",1.04108283383355
"EFHD2",1,"Her2",1.04055499777992
"KLB",1,"LumA",1.04038055700184
"TLE4",1,"Her2",1.03993017597621
"INPP1",1,"Her2",1.03968036867748
"SLC6A14",1,"LumA",1.03835757063533
"STXBP6",1,"LumA",1.03748184037621
"RNASE2",1,"Basal",1.03711884156693
"PDK4",1,"LumA",1.03698172530205
"CLEC2B",1,"LumA",1.03685633927269
"C1R",1,"LumA",1.0362204590103
"EDN1",1,"LumA",1.03571871075922
"RASIP1",1,"LumA",1.0346421411995
"IFNAR2",1,"Her2",1.03264392248436
"CPM",1,"Her2",1.0294312729674
"DPF3",1,"LumA",1.02890962008395
"ADCY4",1,"Her2",1.02866398549764
"IL6R",1,"Her2",1.02807074969168
"PARP9",1,"Basal",1.02781898498223
"RELT",1,"Normal",1.02734131242474
"PTCHD1",1,"LumA",1.02719686588777
"FMO4",1,"Her2",1.02701678988826
"EMILIN2",1,"LumB",1.02694405423259
"TLR1",1,"Basal",1.02598481523043
"FLACC1",1,"Her2",1.02580341794377
"COLEC11",1,"LumA",1.02281430377914
"DENND1C",1,"Basal",1.02229888704366
"TMEM220",1,"Her2",1.02173170271026
"TNNI2",1,"LumA",1.02145807631725
"CX3CL1",1,"LumA",1.02116776955365
"IFI16",1,"LumA",1.02081724175222
"ATP8A1",1,"Normal",1.01962081217578
"HLA-C",1,"LumB",1.01954321926441
"PROX1",1,"LumA",1.01919349446325
"TMEM229B",1,"Basal",1.01758559491741
"HOXB6",1,"LumB",1.01700116818333
"SLC2A5",1,"LumB",1.01694685714774
"OSR1",1,"LumA",1.01683298441919
"TRANK1",1,"Basal",1.01638829743479
"TMEM171",1,"LumA",1.01631310472231
"GEM",1,"LumA",1.01599327000945
"MMP19",1,"Normal",1.01497599785046
"ZNF366",1,"Basal",1.01449519825333
"IFI35",1,"Basal",1.01394165259218
"STK17B",1,"Basal",1.01119707966105
"CLDN11",1,"LumA",1.01055185331654
"RUBCNL",1,"LumA",1.00924335052493
"SHKBP1",1,"Her2",1.00821907757721
"CDH19",1,"LumA",1.00673890992453
"CEACAM16-AS1",1,"Basal",1.00670889893668
"GRK5",1,"Her2",1.00654930992508
"ACSM3",1,"Her2",1.00617217928045
"PLEKHO2",1,"Her2",1.00581259270223
"TRIM21",1,"Basal",1.00562965552904
"H3C8",1,"LumB",1.00528745933649
"TFAP2E",1,"Her2",1.00488135460854
"RAB7B",1,"Her2",1.00408712070183
"PRSS12",1,"Basal",1.00354367680274
"CYLD",1,"Basal",1.00331447974945
"PTCH2",1,"LumA",1.00229183803875
"CPXM1",1,"LumA",1.00210261622037
"LINC01504",1,"Her2",1.00037946910876
"MYCN",1,"Normal",1.00037059319848
"SVEP1",1,"LumA",1.00018524487512
